meter_id,mean,std,median,min,max,count,cv,category
1,51.147,24.672,52.135,0.98,120.22,396,0.48237437,Medium-Low
10,26.249,5.242,25.09,0.77,40.79,396,0.19970284,Low
100,29.453,18.306,29.4,0.06,94.68,396,0.6215326,Low
11,37.581,10.225,37.87,2.06,110.32,396,0.272079,Low
12,60.344,24.14,61.58,1.26,159.02,396,0.40003976,Medium-Low
13,55.013,16.005,55.696,7.016,83.859,396,0.29093122,Medium-Low
14,50.542,17.164,49.044,6.837,83.402,396,0.33959875,Medium-Low
15,32.319,22.332,25.67,0.86,94.954,396,0.69098675,Low
16,84.682,32.317,72.005,1.96,179.37,396,0.38162777,Medium-High
17,34.701,6.23,33.25,2.878,62.034,396,0.17953373,Low
18,74.523,22.142,73.139,7.041,144.031,396,0.2971163,Medium-Low
19,26.729,4.511,26.311,1.629,56.448,396,0.168768,Low
2,117.466,37.822,118.205,1.78,197.51,396,0.3219825,Medium-High
20,6.347,18.948,0.386,0.013,105.262,396,2.9853473,Low
21,78.979,31.114,70.98,2.76,200.09,396,0.39395285,Medium-High
22,130.934,24.752,129.525,7.99,204.35,396,0.18904181,High
23,18.856,5.186,18.505,0.0,27.62,396,0.2750318,Low
24,112.216,29.932,112.99,12.79,158.61,396,0.26673555,Medium-High
25,35.499,9.921,35.64,0.0,73.27,396,0.27947265,Low
26,14.324,4.706,15.65,0.0,22.14,396,0.3285395,Low
27,72.387,11.637,70.79,2.2,131.46,396,0.16076091,Medium-Low
28,132.234,34.796,136.563,2.889,225.448,396,0.2631396,High
29,57.74,5.279,57.602,31.844,73.344,215,0.09142708,Medium-Low
3,140.617,30.501,137.025,5.25,222.81,396,0.21690834,High
30,49.266,13.114,49.95,5.48,71.36,396,0.26618764,Medium-Low
31,53.547,24.742,44.88,1.918,111.341,396,0.46206138,Medium-Low
32,48.304,7.86,49.005,1.609,74.785,396,0.16271944,Medium-Low
33,90.08,18.364,91.029,2.228,146.638,396,0.20386323,Medium-High
34,80.249,19.175,81.932,8.887,110.811,396,0.23894377,Medium-High
35,130.926,34.356,133.098,14.311,213.824,396,0.26240778,High
36,40.674,11.615,36.232,1.347,69.547,396,0.28556326,Medium-Low
37,61.927,16.789,63.467,6.84,116.215,396,0.27110952,Medium-Low
38,48.839,15.11,47.312,2.855,89.032,396,0.30938387,Medium-Low
39,72.257,18.173,74.862,8.318,107.479,396,0.25150505,Medium-Low
4,81.304,12.543,80.445,1.68,139.68,396,0.15427285,Medium-High
40,85.505,20.886,86.946,9.218,126.981,396,0.24426642,Medium-High
41,89.582,22.349,91.98,0.01,123.828,396,0.24948093,Medium-High
42,86.49,62.26,95.351,1.598,221.288,396,0.71985203,Medium-High
43,127.328,32.551,117.583,4.681,226.935,396,0.25564682,High
44,128.194,47.425,107.075,3.33,241.9,396,0.3699471,High
45,32.568,17.571,32.58,1.08,72.2,396,0.5395173,Low
46,74.358,24.351,75.73,9.335,118.415,396,0.32748324,Medium-Low
47,37.132,25.192,40.1,1.38,91.55,396,0.67844445,Low
48,28.582,17.764,19.884,1.466,82.01,396,0.62151,Low
49,78.961,17.527,79.478,8.832,114.558,396,0.22197035,Medium-High
5,17.763,3.76,18.206,0.988,27.881,396,0.21167594,Low
50,28.637,7.075,29.037,3.382,48.207,396,0.247058,Low
51,70.944,22.431,63.226,0.849,132.987,396,0.31617895,Medium-Low
52,52.998,13.905,54.145,1.283,89.307,396,0.26236838,Medium-Low
53,39.99,29.839,35.215,1.8,244.01,396,0.7461615,Medium-Low
54,70.768,36.641,67.846,1.909,150.506,396,0.51776224,Medium-Low
55,38.426,16.198,43.622,0.823,77.416,396,0.42153752,Low
56,121.862,20.3,121.142,3.117,186.732,396,0.16658187,Medium-High
57,330.725,96.217,334.94,8.864,548.524,396,0.2909275,High
58,42.806,24.187,47.344,0.682,100.982,396,0.5650376,Medium-Low
59,96.259,51.633,122.104,1.099,208.779,396,0.53639656,Medium-High
6,46.541,15.392,48.63,0.68,99.22,396,0.33071914,Medium-Low
60,12.396,3.526,11.56,0.147,31.385,396,0.2844466,Low
61,21.828,8.962,21.768,0.267,51.893,396,0.4105736,Low
62,78.558,25.412,72.321,1.932,154.815,396,0.32348076,Medium-High
63,50.573,8.978,51.298,2.755,77.25,396,0.17752555,Medium-Low
64,271.505,81.369,262.884,29.268,467.055,396,0.29969615,High
65,28.548,7.555,28.18,3.05,42.33,396,0.264642,Low
66,48.668,11.585,49.169,5.292,70.03,396,0.23804143,Medium-Low
67,94.404,21.015,95.95,9.97,132.69,396,0.22260709,Medium-High
68,64.141,15.14,66.092,6.785,88.355,396,0.23604248,Medium-Low
69,102.516,24.813,101.089,10.78,148.692,396,0.24204026,Medium-High
7,65.173,16.153,58.874,2.921,117.77,396,0.24784805,Medium-Low
70,77.824,20.528,79.986,0.0,116.9,396,0.26377466,Medium-High
71,69.75,46.085,68.565,3.51,160.832,396,0.66071683,Medium-Low
72,55.732,18.565,64.636,1.348,77.675,396,0.33311206,Medium-Low
73,15.544,8.959,16.376,0.844,32.551,396,0.57636386,Low
74,29.19,7.964,29.35,3.18,43.14,396,0.27283317,Low
75,122.389,33.293,119.174,13.494,227.231,396,0.27202606,Medium-High
76,60.227,13.864,60.965,6.11,88.36,396,0.23019576,Medium-Low
77,24.199,5.159,23.35,0.52,55.79,396,0.21319063,Low
78,82.392,27.159,69.744,2.554,157.622,396,0.32963154,Medium-High
79,33.456,9.45,33.144,0.0,49.317,396,0.28246054,Low
8,121.044,90.476,129.735,0.48,306.88,396,0.7474637,Medium-High
80,46.527,15.887,43.962,1.511,77.99,396,0.34145764,Medium-Low
81,59.005,42.814,67.61,1.71,142.23,396,0.7255995,Medium-Low
82,121.456,32.605,119.458,13.415,193.385,396,0.26845112,Medium-High
83,125.07,56.767,106.655,0.0,230.72,396,0.4538818,Medium-High
84,125.325,24.019,122.816,5.826,186.138,396,0.1916537,Medium-High
85,74.158,17.292,68.742,3.089,138.126,396,0.23317781,Medium-Low
86,39.274,10.132,39.655,4.1,58.52,396,0.2579824,Low
87,96.016,23.92,97.215,9.68,135.67,396,0.24912515,Medium-High
88,44.065,32.293,40.132,2.954,205.708,396,0.7328492,Medium-Low
89,93.808,44.657,110.057,0.469,170.065,396,0.47604683,Medium-High
9,41.92,10.268,42.165,3.6,60.05,396,0.24494275,Medium-Low
90,65.249,39.269,69.135,1.28,152.89,396,0.601833,Medium-Low
91,18.652,20.434,12.884,0.146,127.372,396,1.0955393,Low
92,31.163,7.592,31.49,1.54,55.701,396,0.24362224,Low
93,53.405,21.34,43.87,0.72,95.46,396,0.39958808,Medium-Low
94,10.749,2.954,11.06,0.85,20.41,396,0.27481627,Low
95,155.121,21.186,153.535,10.483,217.425,396,0.13657725,High
96,149.368,61.158,148.22,7.44,299.03,396,0.40944514,High
97,64.77,12.06,64.756,3.204,99.046,396,0.18619733,Medium-Low
98,71.908,17.427,73.58,2.6,129.86,396,0.24235135,Medium-Low
101,232.3,79.889,238.68,3.252,401.448,396,0.34390444,High
99,58.994,27.175,64.113,1.458,118.47,396,0.46064004,Medium-Low
102,0.186,0.01,0.19,0.01,0.19,396,0.053763438,Low
103,30.455,16.697,26.3,0.75,143.78,396,0.5482515,Low
104,137.533,17.96,137.32,3.99,178.74,396,0.13058683,High
105,33.789,7.012,33.204,2.558,64.325,396,0.20752315,Low
106,36.05,5.762,36.059,3.186,50.61,396,0.15983357,Low
107,14.649,7.598,11.96,1.3,36.63,396,0.5186702,Low
108,19.788,5.751,18.868,1.991,37.227,396,0.29063067,Low
109,74.875,72.194,84.391,0.076,223.117,396,0.96419364,Medium-Low
110,47.152,37.763,43.756,1.159,175.289,396,0.800878,Medium-Low
111,63.891,38.089,80.055,0.86,150.85,396,0.596156,Medium-Low
112,147.872,39.43,143.975,5.2,252.0,396,0.26664954,High
113,21.008,5.212,21.55,0.0,44.95,396,0.24809596,Low
114,50.718,28.254,45.351,1.555,121.155,396,0.5570803,Medium-Low
115,15.983,12.121,19.914,0.31,42.136,396,0.7583683,Low
116,32.051,11.893,30.465,1.04,87.78,396,0.37106487,Low
117,144.186,24.776,147.735,3.52,192.13,396,0.17183359,High
118,115.846,80.758,105.388,1.818,305.082,396,0.6971152,Medium-High
119,139.941,22.197,143.675,4.898,183.42,396,0.15861686,High
120,45.238,16.659,49.901,1.255,77.088,396,0.36825237,Medium-Low
121,49.301,29.735,50.324,0.308,124.6,396,0.60313183,Medium-Low
122,84.324,61.956,65.917,1.535,207.612,396,0.73473746,Medium-High
123,94.886,62.942,79.215,3.01,269.2,396,0.66334337,Medium-High
124,86.283,47.81,122.126,3.345,147.525,396,0.5541069,Medium-High
125,92.038,53.08,117.94,6.308,151.902,396,0.57671833,Medium-High
126,96.919,20.889,95.179,3.122,162.632,396,0.2155305,Medium-High
127,15.944,10.245,13.78,0.375,57.652,396,0.64256144,Low
128,85.311,32.597,89.474,1.8,163.74,396,0.3820961,Medium-High
129,84.138,52.435,72.956,5.272,187.482,396,0.6232024,Medium-High
130,14.258,3.362,14.185,2.77,32.47,396,0.23579744,Low
131,53.781,16.183,59.764,1.67,81.58,396,0.30090556,Medium-Low
132,48.006,6.686,47.301,1.428,70.17,396,0.13927425,Medium-Low
133,67.479,24.669,64.889,2.48,141.798,396,0.36558044,Medium-Low
134,13.326,7.572,11.713,0.428,55.788,396,0.5682125,Low
135,88.797,21.872,90.262,9.858,122.964,396,0.24631463,Medium-High
136,35.895,9.847,37.355,4.09,51.32,396,0.2743279,Low
137,78.319,17.965,79.805,8.9,105.9,396,0.2293824,Medium-High
138,230.746,108.011,263.085,29.84,396.915,396,0.4680948,High
139,45.716,17.505,40.677,2.811,108.989,396,0.3829075,Medium-Low
140,52.264,27.595,69.602,3.158,88.672,396,0.5279925,Medium-Low
141,60.085,46.754,74.046,2.31,235.88,396,0.778131,Medium-Low
142,135.441,38.274,133.64,14.06,225.69,396,0.28258798,High
143,80.564,22.684,79.249,9.359,121.998,396,0.28156495,Medium-High
144,17.841,15.26,14.165,0.48,149.78,396,0.85533327,Low
145,128.945,35.765,125.662,13.315,194.484,396,0.2773663,High
146,11.196,14.555,3.318,0.174,96.115,396,1.3000178,Low
147,54.877,34.692,49.713,0.661,260.852,396,0.6321775,Medium-Low
148,101.575,26.872,103.674,11.719,139.047,396,0.26455328,Medium-High
149,82.991,22.515,85.686,0.006,114.931,396,0.27129447,Medium-High
150,44.323,14.443,42.905,5.69,72.167,396,0.32585788,Medium-Low
151,49.638,15.885,48.435,0.0,88.21,396,0.32001692,Medium-Low
152,185.497,87.737,157.772,29.862,372.208,396,0.4729834,High
153,192.375,41.104,189.33,4.44,301.28,396,0.21366602,High
154,41.012,79.201,22.735,1.05,527.21,396,1.9311664,Medium-Low
155,36.087,10.347,34.734,0.831,62.642,396,0.28672373,Low
156,276.623,69.952,253.699,20.592,468.692,396,0.2528785,High
157,92.224,35.538,88.826,2.06,251.58,396,0.38534436,Medium-High
158,87.068,29.755,84.335,6.225,171.582,396,0.34174436,Medium-High
159,0.0,0.0,0.0,0.0,0.0,396,,Low
160,151.535,88.345,136.485,1.052,284.74,396,0.5830006,High
161,53.433,17.145,61.216,1.158,86.48,396,0.32086915,Medium-Low
162,92.473,65.626,103.952,8.105,249.218,396,0.7096774,Medium-High
163,8.451,3.706,7.892,0.342,25.872,396,0.43852797,Low
164,47.693,29.77,49.539,0.695,110.55,396,0.62420064,Medium-Low
165,132.611,40.236,159.154,4.038,191.97,396,0.30341375,High
166,77.352,52.572,96.421,1.142,130.855,396,0.6796463,Medium-High
167,55.059,21.45,70.166,2.44,83.525,396,0.3895821,Medium-Low
168,81.66,43.376,95.115,5.778,148.115,396,0.531178,Medium-High
169,93.788,16.866,92.497,3.716,143.525,396,0.1798311,Medium-High
170,28.837,7.846,29.158,3.288,42.053,396,0.27208102,Low
171,56.04,24.91,59.814,3.312,93.462,396,0.4445039,Medium-Low
172,24.012,11.823,25.198,2.097,67.678,396,0.49237883,Low
173,29.71,8.394,26.952,1.365,71.397,396,0.28253114,Low
174,29.48,25.345,28.336,0.164,158.758,396,0.8597354,Low
175,56.111,23.402,51.949,1.778,105.775,396,0.4170662,Medium-Low
176,46.344,27.298,53.615,1.092,102.625,396,0.58902985,Medium-Low
177,57.51,17.591,52.565,3.5,131.35,396,0.30587724,Medium-Low
178,319.764,59.796,321.984,27.035,451.33,396,0.18700041,High
179,76.799,19.22,77.202,6.245,133.115,396,0.25026366,Medium-High
180,98.004,27.426,95.629,5.555,181.102,396,0.27984574,Medium-High
181,55.558,15.254,54.837,6.529,111.575,396,0.27455992,Medium-Low
182,54.907,33.502,76.204,3.5,100.938,396,0.610159,Medium-Low
183,247.176,27.351,247.125,83.2,324.63,240,0.11065395,High
184,113.256,25.494,114.098,11.926,157.103,396,0.22510067,Medium-High
185,90.658,65.581,103.228,0.183,283.88,396,0.723389,Medium-High
186,75.668,19.045,78.698,0.001,113.353,396,0.2516916,Medium-High
187,72.085,41.319,87.962,1.532,126.692,396,0.5731983,Medium-Low
188,180.063,40.67,183.4,5.09,282.08,396,0.22586538,High
189,21.448,16.922,35.581,0.054,36.906,396,0.78897804,Low
190,23.246,13.461,20.896,4.197,56.294,396,0.57906735,Low
191,47.145,34.716,46.779,0.868,119.702,396,0.7363665,Medium-Low
192,59.809,35.453,49.205,2.97,163.39,396,0.59277034,Medium-Low
193,63.922,46.0,53.738,1.96,157.862,396,0.719627,Medium-Low
194,26.025,13.713,24.016,0.858,57.098,396,0.52691644,Low
195,108.927,26.226,109.026,2.515,211.655,396,0.24076675,Medium-High
196,69.956,52.415,86.917,1.058,164.598,396,0.7492567,Medium-Low
197,41.283,37.607,25.718,1.452,199.202,396,0.910956,Medium-Low
198,115.728,27.495,110.774,3.51,181.582,396,0.23758297,Medium-High
199,158.34,34.876,172.554,5.33,217.78,396,0.2202602,High
200,109.116,32.225,100.63,3.4,198.63,396,0.2953279,Medium-High
201,29.432,3.736,29.614,1.44,40.183,396,0.12693667,Low
202,95.356,37.189,100.135,3.24,214.34,396,0.39000165,Medium-High
203,101.659,26.061,99.991,2.335,169.79,396,0.25635704,Medium-High
204,113.067,51.86,104.44,4.815,226.25,396,0.4586661,Medium-High
205,53.867,15.531,56.01,1.89,87.11,396,0.28832123,Medium-Low
206,59.477,24.507,55.497,1.165,129.71,396,0.41204163,Medium-Low
207,115.092,17.774,115.962,2.965,160.096,396,0.15443297,Medium-High
208,59.178,22.135,71.131,1.062,95.875,396,0.37404102,Medium-Low
209,25.461,17.489,17.202,0.792,70.498,396,0.6868937,Low
210,16.229,7.376,17.565,0.28,40.46,396,0.45449504,Low
211,4.118,3.801,2.825,0.03,14.86,396,0.9230209,Low
212,64.188,16.271,60.183,4.397,155.127,396,0.25348973,Medium-Low
213,110.539,31.769,110.595,10.37,169.15,396,0.2874008,Medium-High
214,48.113,37.252,44.388,0.545,144.988,396,0.7742606,Medium-Low
215,24.796,5.638,23.31,0.61,43.43,396,0.22737539,Low
216,158.197,106.956,143.37,8.33,430.27,396,0.6760937,High
217,84.585,16.998,87.301,3.568,121.157,396,0.20095761,Medium-High
218,118.365,46.14,99.516,7.59,357.175,396,0.3898112,Medium-High
219,177.1,43.907,166.38,4.12,297.47,396,0.24792208,High
220,26.703,6.346,25.285,1.03,61.99,396,0.23765121,Low
221,7.797,2.873,8.005,0.21,17.67,396,0.36847505,Low
222,51.773,14.727,48.72,1.11,162.84,396,0.2844533,Medium-Low
223,118.414,59.83,110.139,2.281,248.322,396,0.5052612,Medium-High
224,105.965,23.013,101.252,3.722,188.619,396,0.2171755,Medium-High
225,102.965,27.404,99.361,2.724,166.175,396,0.2661487,Medium-High
226,30.595,22.089,24.685,0.81,188.47,396,0.72198075,Low
227,25.472,5.727,26.46,1.029,42.556,396,0.22483513,Low
228,72.823,38.082,57.28,1.63,196.3,396,0.5229392,Medium-Low
229,136.109,25.929,138.343,6.218,196.04,396,0.19050175,High
230,100.892,20.011,100.432,3.661,169.056,396,0.1983408,Medium-High
231,325.21,85.869,361.734,21.51,508.83,396,0.26404172,High
232,100.339,16.044,101.11,2.34,151.81,396,0.15989795,Medium-High
233,34.307,19.812,33.398,2.451,103.391,396,0.5774915,Low
234,91.521,23.126,88.291,4.914,188.1,396,0.25268516,Medium-High
235,50.383,23.178,61.705,0.92,95.64,396,0.46003613,Medium-Low
236,142.18,35.223,146.945,16.24,227.44,396,0.24773528,High
237,26.912,10.079,26.36,0.76,66.02,396,0.37451696,Low
238,41.25,16.824,37.676,1.147,151.713,396,0.40785453,Medium-Low
239,27.688,5.053,27.025,1.79,43.31,396,0.18249783,Low
240,241.527,58.822,243.342,25.865,332.578,396,0.24354213,High
241,154.733,37.257,156.66,17.048,211.59,396,0.2407825,High
242,147.944,35.578,150.32,15.673,218.379,396,0.24048288,High
243,97.801,24.012,98.193,10.554,132.963,396,0.24551895,Medium-High
244,116.144,27.668,118.975,12.24,161.51,396,0.23822151,Medium-High
245,76.951,18.434,78.015,8.34,106.0,396,0.23955505,Medium-High
246,74.304,18.318,75.185,8.17,100.39,396,0.24652779,Medium-Low
247,100.734,25.076,103.271,9.89,147.57,396,0.24893284,Medium-High
248,83.483,21.947,83.494,8.638,119.526,396,0.26289186,Medium-High
249,177.542,43.248,179.019,19.035,307.705,396,0.24359307,High
250,271.54,64.621,273.311,28.424,385.462,396,0.23797967,High
251,159.582,37.546,162.375,16.988,219.517,396,0.23527718,High
252,98.808,29.701,93.549,2.61,198.679,396,0.30059308,Medium-High
253,121.629,31.369,121.42,13.21,171.25,396,0.25790724,Medium-High
254,98.394,22.385,99.705,11.31,138.9,396,0.22750372,Medium-High
255,138.082,34.534,141.608,14.594,194.724,396,0.25009778,High
256,138.446,37.174,133.459,13.981,225.852,396,0.26850903,High
257,73.583,16.374,74.475,7.61,105.4,396,0.22252423,Medium-Low
258,140.879,34.136,140.326,13.728,214.39,396,0.24230725,High
259,131.964,32.848,130.77,12.76,207.77,396,0.24891636,High
260,58.091,11.921,58.572,6.206,77.791,396,0.2052125,Medium-Low
261,0.008,0.005,0.01,0.0,0.02,321,0.62499994,Low
262,97.793,20.267,92.951,3.742,161.133,396,0.20724387,Medium-High
263,67.25,29.252,61.135,6.728,130.525,396,0.43497398,Medium-Low
264,95.438,24.875,94.832,10.824,131.988,396,0.2606404,Medium-High
265,243.86,34.036,242.5,8.7,312.34,396,0.13957188,High
266,133.453,26.535,128.064,4.823,206.74,396,0.19883405,High
267,154.612,38.606,155.14,17.62,208.75,396,0.249696,High
268,134.626,27.55,133.716,1.641,244.371,396,0.20464098,High
269,338.596,104.362,389.4,23.885,481.838,396,0.30821982,High
270,227.007,34.364,226.707,5.498,318.752,396,0.15137859,High
271,14.885,9.384,12.44,0.24,64.27,396,0.6304333,Low
272,227.326,30.639,228.872,13.218,316.755,396,0.13478,High
273,35.025,16.638,38.23,0.36,75.98,396,0.47503212,Low
274,126.174,28.521,117.848,3.625,204.117,396,0.22604498,Medium-High
275,23.966,19.619,17.468,0.209,85.226,396,0.81861806,Low
276,44.633,16.619,47.53,0.67,91.58,396,0.3723478,Medium-Low
277,106.031,26.051,115.952,0.39,195.341,396,0.24569231,Medium-High
278,34.122,17.994,38.122,0.718,78.58,396,0.52734303,Low
279,104.236,14.572,103.661,2.044,160.527,396,0.13979815,Medium-High
280,170.864,43.343,165.795,4.25,288.11,396,0.2536696,High
281,10.673,7.927,11.026,0.144,26.99,396,0.74271524,Low
282,27.74,41.168,2.28,0.14,138.07,396,1.4840664,Low
283,43.441,8.591,42.235,1.98,77.34,396,0.19776246,Medium-Low
284,30.77,7.942,31.24,3.44,43.48,396,0.25810853,Low
285,113.659,47.633,123.61,3.76,211.71,396,0.41908693,Medium-High
286,150.21,33.532,144.248,4.848,247.605,396,0.22323413,High
287,185.278,50.087,173.782,7.599,310.538,396,0.27033433,High
288,32.775,10.022,32.012,3.323,58.311,396,0.30578184,Low
289,64.295,31.48,75.825,1.64,132.28,396,0.48961818,Medium-Low
290,24.859,12.692,23.449,2.339,87.676,396,0.51055956,Low
291,15.153,21.855,8.695,0.46,235.88,396,1.4422886,Low
292,160.002,39.098,164.095,16.97,225.77,396,0.24435945,High
293,63.237,15.364,65.405,6.76,87.48,396,0.24295904,Medium-Low
294,78.234,17.531,80.93,8.37,104.74,396,0.22408415,Medium-High
295,56.051,8.063,55.225,2.31,83.79,396,0.14385113,Medium-Low
296,144.919,35.841,140.453,4.678,257.737,396,0.24731745,High
297,87.301,35.982,79.87,8.922,202.877,396,0.4121602,Medium-High
298,12.817,53.277,0.3,0.01,454.49,396,4.156745,Low
299,49.52,13.53,50.455,5.24,78.29,396,0.27322292,Medium-Low
300,49.413,26.845,58.11,1.25,110.09,396,0.5432781,Medium-Low
301,47.14,32.16,50.425,0.48,134.19,396,0.68222314,Medium-Low
302,160.781,88.256,134.17,1.35,488.17,396,0.5489205,High
303,52.475,16.634,48.315,3.73,155.5,396,0.31698906,Medium-Low
304,165.303,49.658,168.249,2.452,335.475,396,0.30040595,High
305,251.228,48.071,259.96,6.598,363.732,396,0.19134411,High
306,199.341,36.842,191.588,10.65,281.668,396,0.18481897,High
307,251.966,49.266,251.528,8.085,378.758,396,0.19552638,High
308,118.766,111.171,161.228,0.0,278.995,396,0.9360507,Medium-High
309,11.179,4.132,11.01,0.57,26.11,396,0.3696216,Low
310,8.229,12.768,1.322,0.746,82.184,396,1.5515858,Low
311,33.735,40.139,25.45,8.39,315.18,247,1.1898324,Low
312,36.103,15.982,39.656,0.577,68.058,396,0.4426779,Low
313,185.183,96.517,239.994,13.475,311.67,396,0.5211979,High
314,116.555,29.249,119.247,13.31,157.349,396,0.2509459,Medium-High
315,113.925,31.898,113.982,12.729,170.26,396,0.2799912,Medium-High
316,95.919,16.885,94.551,3.592,146.605,396,0.17603394,Medium-High
317,55.049,25.087,51.22,2.36,211.91,396,0.45572126,Medium-Low
318,59.598,28.434,65.782,0.944,116.082,396,0.47709656,Medium-Low
319,60.637,19.667,60.24,6.266,92.178,396,0.32433993,Medium-Low
320,20.952,6.792,19.834,0.694,61.316,396,0.32416952,Low
321,97.35,22.467,107.721,4.682,131.681,396,0.23078582,Medium-High
322,110.766,61.348,105.71,1.06,342.56,396,0.55385226,Medium-High
323,62.486,28.68,54.418,1.745,136.358,396,0.45898283,Medium-Low
324,49.447,36.176,33.186,1.717,124.514,396,0.7316116,Medium-Low
325,59.065,39.318,50.115,3.91,175.77,396,0.66567343,Medium-Low
326,94.733,23.793,94.955,10.63,132.76,396,0.2511585,Medium-High
327,43.302,23.573,42.252,1.158,120.556,396,0.54438597,Medium-Low
328,65.052,52.269,46.76,1.39,272.3,396,0.80349565,Medium-Low
329,35.694,13.918,36.635,0.0,59.86,396,0.38992548,Low
330,70.277,29.155,83.165,0.0,114.6,396,0.41485834,Medium-Low
331,79.481,22.548,83.53,1.75,137.29,396,0.28369042,Medium-High
332,115.555,54.119,126.58,1.48,244.16,396,0.46833974,Medium-High
333,88.876,20.56,89.85,2.63,148.85,396,0.23133354,Medium-High
334,58.263,27.799,65.926,2.1,107.749,396,0.47712955,Medium-Low
335,71.843,18.884,72.715,1.47,151.486,396,0.26285094,Medium-Low
336,38.979,30.174,28.57,1.51,149.78,396,0.7741091,Low
337,100.645,27.557,89.94,3.82,174.98,396,0.27380398,Medium-High
338,147.591,44.975,143.1,17.99,289.35,396,0.30472723,High
339,143.263,65.754,153.304,0.252,248.397,396,0.45897403,High
340,59.469,17.236,56.655,1.66,111.68,396,0.28983167,Medium-Low
341,32.141,6.833,30.072,1.0,51.689,396,0.21259452,Low
342,188.001,106.442,247.898,0.278,327.502,396,0.56617785,High
343,56.799,33.304,59.27,3.33,121.46,396,0.58634835,Medium-Low
344,120.321,81.759,114.695,1.54,295.14,396,0.6795074,Medium-High
345,123.872,35.368,135.135,3.04,189.97,396,0.28552052,Medium-High
346,140.798,22.856,143.651,1.971,179.038,396,0.16233185,High
347,111.012,40.133,110.93,3.32,216.38,396,0.36151946,Medium-High
348,61.504,25.733,64.24,2.76,158.57,396,0.41839555,Medium-Low
349,211.239,72.989,238.878,4.202,344.82,396,0.34552804,High
350,151.945,17.314,151.83,5.66,195.86,396,0.11394911,High
351,45.208,17.805,43.965,1.44,96.52,396,0.3938462,Medium-Low
352,23.142,14.026,28.022,0.0,54.602,396,0.60608417,Low
353,92.364,24.268,101.88,1.83,137.71,396,0.26274306,Medium-High
354,4.496,10.553,3.06,0.03,112.6,396,2.3471978,Low
355,136.436,75.337,181.526,11.176,216.31,396,0.55217826,High
356,92.189,44.678,119.999,6.738,142.011,396,0.48463482,Medium-High
357,332.36,17.883,332.73,218.39,379.04,324,0.053806115,High
358,134.046,46.175,121.98,3.673,270.618,396,0.34447128,High
359,171.967,56.831,156.678,4.19,316.05,396,0.33047622,High
360,18.631,21.34,12.29,0.4,87.08,396,1.1454028,Low
361,131.567,56.298,162.64,7.44,218.84,396,0.42790365,High
362,204.271,80.894,252.114,9.428,324.57,396,0.39601314,High
363,78.661,41.101,110.425,5.12,122.99,396,0.52250797,Medium-High
364,56.527,29.278,71.925,3.35,157.81,396,0.5179472,Medium-Low
365,62.189,48.913,99.945,2.7,110.75,396,0.78652173,Medium-Low
366,52.303,17.321,60.725,2.14,87.16,396,0.33116645,Medium-Low
367,76.25,26.662,93.4,4.13,121.0,396,0.34966558,Medium-High
368,59.448,38.937,70.61,0.81,115.72,396,0.6549758,Medium-Low
369,215.618,38.395,214.79,6.72,308.23,396,0.17806955,High
370,35.155,18.781,37.3,2.23,74.89,396,0.5342341,Low
371,135.727,31.6,141.725,1.88,236.06,396,0.23282029,High
372,80.904,66.61,67.62,0.67,234.1,396,0.82332146,Medium-High
373,88.048,21.527,89.865,10.14,124.87,396,0.24449165,Medium-High
374,21.851,5.293,22.085,2.477,30.201,396,0.24223149,Low
375,13.44,3.253,13.662,1.451,18.712,396,0.2420387,Low
376,4.191,0.981,4.282,0.494,5.906,396,0.23407301,Low
377,19.844,4.849,19.93,2.32,26.91,396,0.24435598,Low
378,81.165,19.593,84.803,8.957,113.283,396,0.24139716,Medium-High
379,19.315,4.376,19.525,2.03,41.78,396,0.22655965,Low
380,42.169,9.652,43.8,1.71,65.52,396,0.22888854,Medium-Low
381,48.992,25.495,57.35,0.0,88.65,396,0.5203911,Medium-Low
382,56.964,23.214,62.815,0.62,98.99,396,0.40752053,Medium-Low
383,211.595,49.139,200.506,6.36,367.31,396,0.23223138,High
384,201.477,74.396,173.698,3.92,405.06,396,0.36925307,High
385,131.21,29.025,129.21,5.36,207.55,396,0.22121026,High
386,35.684,14.74,34.449,1.762,96.048,396,0.4130703,Low
387,48.631,26.856,55.462,0.253,106.552,396,0.5522404,Medium-Low
388,67.072,17.751,69.938,7.521,94.468,396,0.2646559,Medium-Low
389,35.464,9.102,35.996,4.007,52.763,396,0.25665465,Low
390,28.317,16.196,27.406,0.0,57.117,396,0.57195324,Low
391,89.399,23.423,91.695,10.45,127.26,396,0.26200518,Medium-High
392,2.738,6.631,0.0,0.0,28.482,396,2.421841,Low
393,16.055,6.703,15.06,0.85,44.26,396,0.41750234,Low
394,73.245,23.722,76.9,6.15,142.59,396,0.32387194,Medium-Low
395,47.465,41.448,34.435,1.92,161.32,396,0.87323296,Medium-Low
396,17.812,10.59,15.31,1.538,44.759,396,0.594543,Low
397,8.276,12.301,5.505,0.42,152.6,396,1.486346,Low
398,24.306,8.79,25.696,0.63,46.85,396,0.3616391,Low
399,28.927,17.231,37.9,0.13,57.16,396,0.5956719,Low
400,139.85,23.689,138.775,5.535,201.124,396,0.16938862,High
401,67.658,16.527,78.775,1.89,86.79,396,0.24427268,Medium-Low
402,82.585,47.336,73.66,9.95,200.61,396,0.5731791,Medium-High
403,5.662,6.301,2.52,0.0,27.62,396,1.1128576,Low
404,31.513,27.799,25.907,0.039,140.333,396,0.88214386,Low
405,27.405,6.744,28.154,2.965,37.517,396,0.24608648,Low
406,239.072,51.706,244.868,6.672,367.295,396,0.21627794,High
407,53.611,14.035,51.867,5.675,83.956,396,0.2617933,Medium-Low
408,18.285,4.454,18.657,2.086,25.347,396,0.24358764,Low
409,38.082,11.432,39.025,4.05,63.747,396,0.30019432,Low
410,125.495,32.795,127.45,14.249,178.571,396,0.26132512,Medium-High
411,27.063,7.566,26.495,2.85,49.27,396,0.2795699,Low
412,42.228,11.33,43.876,4.918,58.372,396,0.2683054,Medium-Low
413,121.081,30.313,120.63,13.444,168.398,396,0.25035307,Medium-High
414,34.955,4.871,34.656,0.569,51.405,396,0.13935058,Low
415,116.173,38.514,114.645,4.12,228.93,396,0.33152282,Medium-High
416,122.39,42.315,115.715,6.38,258.75,396,0.345739,Medium-High
417,71.831,22.26,70.779,2.232,128.598,396,0.30989406,Medium-Low
418,151.735,38.333,145.798,18.109,221.29,396,0.25263125,High
419,61.021,14.244,62.821,6.483,84.922,396,0.23342784,Medium-Low
420,61.157,15.197,62.495,6.77,83.42,396,0.24849157,Medium-Low
421,327.812,53.264,315.996,11.91,441.365,396,0.16248336,High
422,42.283,12.448,41.318,4.563,67.284,396,0.29439726,Medium-Low
423,32.907,10.995,29.458,3.92,60.636,396,0.33412343,Low
424,200.363,38.067,190.6,6.16,298.16,396,0.18999016,High
425,77.324,50.221,81.18,0.781,211.915,396,0.6494879,Medium-High
426,22.47,12.207,20.475,0.0,60.24,396,0.5432577,Low
427,219.588,58.801,204.014,6.06,354.682,396,0.26777875,High
428,138.419,58.661,165.67,1.21,212.97,396,0.42379296,High
429,12.996,3.279,12.958,1.362,22.028,396,0.2523084,Low
430,367.588,98.397,326.548,9.988,679.625,396,0.26768285,High
431,36.859,40.702,18.89,2.589,179.117,396,1.1042621,Low
432,45.738,14.491,50.134,4.386,77.854,396,0.31682628,Medium-Low
433,82.045,26.557,73.965,7.82,157.37,396,0.3236882,Medium-High
434,57.395,13.248,54.055,3.13,88.85,396,0.2308215,Medium-Low
435,315.965,53.109,312.82,11.33,457.77,396,0.16808508,High
436,59.773,15.083,61.505,6.71,82.1,396,0.25233802,Medium-Low
437,14.463,11.143,13.139,0.224,50.567,396,0.7704487,Low
438,15.281,16.581,10.47,0.08,88.16,396,1.0850729,Low
439,94.331,36.996,89.664,3.144,262.899,396,0.39219344,Medium-High
440,133.725,97.612,80.41,12.29,451.97,396,0.7299457,High
441,63.723,42.01,45.495,2.16,166.23,396,0.65925956,Medium-Low
442,222.071,39.113,217.419,8.39,317.772,396,0.17612836,High
443,68.727,17.767,67.882,7.666,125.421,396,0.2585156,Medium-Low
444,69.044,17.704,69.891,7.559,100.649,396,0.2564162,Medium-Low
445,54.17,15.321,54.541,6.192,83.393,396,0.28283185,Medium-Low
446,33.585,12.272,32.088,4.012,90.998,396,0.36540124,Low
447,119.446,86.174,104.36,0.94,414.07,396,0.7214474,Medium-High
448,79.355,19.566,78.51,9.07,108.99,396,0.2465629,Medium-High
449,6.701,5.934,6.16,0.04,17.6,396,0.8855395,Low
450,80.374,84.594,29.595,0.592,350.46,396,1.0525045,Medium-High
451,60.072,22.49,68.109,1.802,151.732,396,0.37438408,Medium-Low
452,90.871,45.284,75.44,3.145,199.785,396,0.4983328,Medium-High
453,162.851,45.2,159.269,3.472,271.705,396,0.27755433,High
454,108.134,51.416,108.452,3.502,230.772,396,0.4754841,Medium-High
455,194.766,51.915,196.424,23.56,271.945,396,0.26655063,High
456,106.663,27.48,108.67,11.935,148.005,396,0.25763384,Medium-High
457,106.623,26.704,108.29,11.73,145.95,396,0.25045252,Medium-High
458,116.197,24.14,114.11,5.36,192.05,396,0.20775063,Medium-High
459,83.987,20.275,85.666,9.208,113.712,396,0.24140641,Medium-High
460,133.087,59.919,119.779,12.645,280.07,396,0.45022425,High
461,124.756,29.147,126.699,4.342,219.912,396,0.23363206,Medium-High
462,56.098,26.07,49.644,1.542,118.479,396,0.46472245,Medium-Low
463,95.188,60.785,84.864,3.318,243.975,396,0.63857836,Medium-High
464,203.9,88.154,193.074,10.445,420.528,396,0.4323394,High
465,15.804,12.419,12.564,0.552,45.175,396,0.7858137,Low
466,58.408,44.986,69.478,0.45,151.91,396,0.7702027,Medium-Low
467,57.622,47.383,70.725,0.31,146.782,396,0.8223074,Medium-Low
468,163.104,45.008,161.274,4.349,242.271,396,0.27594662,High
469,11.505,3.462,12.85,0.33,24.85,396,0.30091265,Low
470,60.537,23.459,57.575,5.21,118.56,396,0.38751507,Medium-Low
471,13.495,5.865,13.165,0.31,36.29,396,0.4346054,Low
472,289.361,67.041,298.651,32.222,390.205,396,0.23168638,High
473,71.19,20.677,64.26,2.301,129.607,396,0.2904481,Medium-Low
474,115.16,86.122,140.823,0.355,291.282,396,0.7478465,Medium-High
475,68.804,26.979,77.84,0.68,169.73,396,0.39211383,Medium-Low
476,104.741,71.491,72.63,2.99,253.77,396,0.6825503,Medium-High
477,79.477,13.556,77.218,1.887,172.915,396,0.17056507,Medium-High
478,240.673,60.032,245.021,10.165,397.882,396,0.24943388,High
479,34.418,14.594,32.253,1.425,82.776,396,0.42402232,Low
480,38.995,24.952,37.313,6.842,172.457,396,0.6398769,Low
481,73.387,17.444,70.047,2.831,205.962,396,0.23769878,Medium-Low
482,152.703,45.418,140.389,7.505,270.235,396,0.29742703,High
483,90.089,43.707,94.475,7.57,254.08,396,0.4851536,Medium-High
484,35.573,25.144,33.697,2.784,87.838,396,0.7068282,Low
485,235.954,41.636,236.29,8.99,366.11,396,0.17645814,High
486,61.829,15.592,63.359,6.844,85.227,396,0.2521794,Medium-Low
487,104.723,24.538,106.92,11.475,141.779,396,0.23431338,Medium-High
488,12.549,3.614,12.14,0.66,27.22,396,0.28799108,Low
489,32.733,16.324,33.535,0.89,76.37,396,0.49870157,Low
490,37.105,26.458,37.55,0.756,96.248,396,0.7130576,Low
491,72.783,73.744,56.039,0.457,207.728,396,1.0132037,Medium-Low
492,34.679,3.817,34.835,1.02,50.37,396,0.11006661,Low
493,14.208,9.388,15.571,0.0,42.009,396,0.66075444,Low
494,12.02,8.846,10.108,0.0,38.736,396,0.73594004,Low
495,67.801,22.367,64.189,7.361,116.002,396,0.3298919,Medium-Low
496,17.618,10.749,18.834,0.402,47.684,396,0.61011463,Low
497,51.454,21.197,41.71,1.15,105.77,396,0.4119602,Medium-Low
498,57.044,60.095,40.148,0.204,318.387,396,1.053485,Medium-Low
499,212.06,25.742,214.244,6.245,275.685,396,0.12139018,High
500,29.198,11.003,30.43,0.602,88.241,396,0.3768409,Low
501,132.226,31.844,130.32,3.624,226.724,396,0.2408301,High
502,41.29,32.693,37.26,0.246,131.37,396,0.79178977,Medium-Low
503,42.562,11.11,44.31,4.59,62.76,396,0.26103094,Medium-Low
504,12.062,7.698,9.935,0.24,105.73,396,0.6382026,Low
505,117.331,31.699,118.973,0.007,196.745,396,0.2701673,Medium-High
506,72.077,29.766,61.93,5.8,135.92,396,0.412975,Medium-Low
507,108.838,19.273,108.248,4.186,157.405,396,0.1770797,Medium-High
508,148.048,32.04,146.15,5.813,239.788,396,0.2164163,High
509,269.569,82.887,235.638,8.346,450.799,396,0.3074797,High
510,99.262,64.514,91.116,9.557,292.825,396,0.6499365,Medium-High
511,16.495,6.746,15.896,0.796,33.386,396,0.40897238,Low
512,13.111,4.043,15.164,0.575,20.933,396,0.30836704,Low
513,162.133,61.675,137.61,4.72,331.76,396,0.3803976,High
514,10.045,4.255,9.875,0.27,19.14,396,0.42359385,Low
515,193.66,52.683,173.48,7.308,352.872,396,0.2720386,High
516,64.332,28.388,77.639,1.283,102.684,396,0.4412734,Medium-Low
517,291.366,57.55,289.769,8.043,435.55,396,0.1975179,High
518,65.041,33.378,53.56,4.89,159.17,396,0.51318395,Medium-Low
519,18.854,16.978,13.928,2.082,147.25,396,0.90049857,Low
520,25.604,19.323,23.205,0.75,73.42,396,0.7546868,Low
521,38.317,53.343,4.756,0.502,208.005,396,1.3921496,Low
522,26.793,16.604,27.757,0.457,63.581,396,0.61971414,Low
523,32.134,6.317,32.569,1.194,44.892,396,0.19658306,Low
524,54.451,52.123,43.095,0.0,207.304,396,0.957246,Medium-Low
525,47.354,13.419,46.63,5.67,73.31,396,0.28337628,Medium-Low
526,31.887,25.809,23.387,2.472,94.588,396,0.8093894,Low
527,43.549,12.235,43.826,4.938,68.429,396,0.2809479,Medium-Low
528,52.325,14.946,50.55,5.25,93.55,396,0.28563783,Medium-Low
529,40.524,22.887,30.755,1.59,91.18,396,0.5647764,Medium-Low
530,100.155,47.127,89.608,4.275,216.768,396,0.47054064,Medium-High
531,93.493,22.195,95.075,10.702,129.18,396,0.23739746,Medium-High
532,55.819,15.237,55.5,6.105,83.272,396,0.27297157,Medium-Low
533,82.823,28.707,89.466,1.7,155.75,396,0.34660664,Medium-High
534,117.815,29.323,119.456,12.957,158.65,396,0.2488902,Medium-High
535,93.403,25.37,92.789,4.41,135.62,396,0.2716187,Medium-High
536,100.034,56.603,97.64,1.132,272.555,396,0.5658376,Medium-High
537,16.832,4.661,17.836,0.563,26.61,396,0.276913,Low
538,39.534,9.678,39.025,1.41,70.76,396,0.24480195,Medium-Low
539,175.836,31.569,172.18,6.16,274.13,396,0.17953661,High
540,58.446,43.572,42.685,1.24,163.87,396,0.7455087,Medium-Low
541,86.223,25.996,85.608,9.738,149.811,396,0.30149728,Medium-High
542,150.516,42.348,148.088,1.11,217.167,396,0.28135213,High
543,15.03,8.396,12.629,0.529,59.819,396,0.5586161,Low
544,21.974,6.894,21.642,1.04,46.802,396,0.3137344,Low
545,242.096,46.134,242.036,8.258,365.66,396,0.19056077,High
546,69.349,7.906,70.045,1.04,86.13,396,0.11400309,Medium-Low
547,95.308,26.816,83.44,4.37,153.94,396,0.2813615,Medium-High
548,17.095,4.469,17.325,1.94,23.29,396,0.26142147,Low
549,11.338,2.381,11.25,0.1,29.31,396,0.21000177,Low
550,37.149,23.887,48.39,0.4,81.12,396,0.6430052,Low
551,50.771,34.216,58.665,0.24,129.4,396,0.673928,Medium-Low
552,15.866,9.594,18.815,0.18,36.84,396,0.60468924,Low
553,82.374,52.469,107.275,0.48,154.23,396,0.6369607,Medium-High
554,9.456,6.062,7.286,0.077,53.236,396,0.6410744,Low
555,39.944,22.157,38.397,0.701,100.519,396,0.55470157,Medium-Low
556,15.46,20.204,10.795,0.861,202.788,396,1.3068564,Low
557,22.136,9.452,24.51,0.28,43.0,396,0.42699674,Low
558,16.992,19.168,9.778,0.329,194.379,396,1.1280602,Low
559,45.057,11.538,45.537,5.262,67.839,396,0.25607565,Medium-Low
560,51.442,11.903,52.605,4.763,85.427,396,0.2313868,Medium-Low
561,17.341,9.428,22.81,0.055,28.201,396,0.54368263,Low
562,80.651,15.01,79.442,3.103,124.75,396,0.18611053,Medium-High
563,98.102,28.088,91.95,3.058,185.465,396,0.28631425,Medium-High
564,106.51,46.056,126.568,0.784,159.362,396,0.4324101,Medium-High
565,8.132,3.578,7.37,0.433,22.739,396,0.43999016,Low
566,119.052,43.414,110.226,5.533,272.698,396,0.3646642,Medium-High
567,55.206,22.353,57.539,1.007,120.023,396,0.40490165,Medium-Low
568,266.778,49.826,271.02,9.19,385.51,396,0.18676952,High
569,170.956,27.773,170.785,5.18,257.35,396,0.16245702,High
570,66.235,21.637,71.79,1.41,107.31,396,0.32667017,Medium-Low
571,92.722,55.874,78.9,3.38,232.33,396,0.602597,Medium-High
572,148.292,30.594,147.461,5.19,221.532,396,0.20630917,High
573,38.175,6.992,37.846,1.602,57.289,396,0.18315652,Low
574,146.355,48.125,139.122,5.733,328.547,396,0.32882375,High
575,12.513,3.093,12.831,1.418,17.2,396,0.24718294,Low
576,92.261,20.235,95.408,2.795,139.242,396,0.21932344,Medium-High
577,169.57,48.62,150.882,5.464,276.232,396,0.28672522,High
578,34.974,22.151,32.126,0.469,89.546,396,0.6333562,Low
579,155.271,47.967,139.879,9.018,324.092,396,0.3089244,High
580,11.59,4.765,12.551,0.533,23.676,396,0.41113028,Low
581,45.486,38.346,23.295,0.35,116.24,396,0.84302866,Medium-Low
582,44.071,12.598,44.845,4.803,66.627,396,0.2858569,Medium-Low
583,19.39,10.366,21.521,0.32,43.738,396,0.5346055,Low
584,167.976,15.942,167.8,7.435,219.25,396,0.09490642,High
585,231.583,86.01,273.68,14.732,360.788,396,0.37140033,High
586,43.443,28.744,41.918,0.688,123.067,396,0.6616486,Medium-Low
587,180.528,66.351,208.592,4.46,278.49,396,0.36753854,High
588,25.791,14.812,28.597,0.026,120.547,396,0.5743089,Low
589,53.359,24.069,58.075,0.86,138.37,396,0.45107666,Medium-Low
590,29.255,18.474,25.755,1.26,145.11,396,0.6314818,Low
591,211.568,34.212,205.371,7.74,321.972,396,0.1617069,High
592,46.578,16.032,48.063,0.0,79.549,396,0.34419683,Medium-Low
593,42.3,30.967,49.939,0.0,97.935,396,0.73208034,Medium-Low
594,72.627,17.93,75.311,0.0,109.578,396,0.2468779,Medium-Low
595,133.178,28.431,136.53,14.64,191.13,396,0.21348122,High
596,370.226,55.478,360.459,12.145,519.89,396,0.14984901,High
597,27.771,12.411,25.06,1.11,58.3,396,0.44690505,Low
598,37.766,18.224,40.81,1.18,87.5,396,0.48255047,Low
599,20.293,2.026,20.46,0.47,25.13,396,0.099837385,Low
600,71.92,29.221,73.292,6.286,135.061,396,0.4062987,Medium-Low
601,81.717,20.239,83.239,9.108,117.219,396,0.24767184,Medium-High
602,40.063,11.391,39.907,3.5,57.722,396,0.28432718,Medium-Low
603,14.645,7.146,13.817,0.393,34.911,396,0.4879481,Low
604,120.707,37.4,116.765,3.18,229.28,396,0.3098412,Medium-High
605,15.134,13.576,9.982,0.366,103.737,396,0.897053,Low
606,79.877,16.208,79.135,6.52,145.94,396,0.20291199,Medium-High
607,13.328,7.105,16.47,0.271,30.301,396,0.5330882,Low
608,12.492,5.375,13.024,0.0,20.229,396,0.43027538,Low
609,112.516,26.438,114.505,12.4,150.63,396,0.23497103,Medium-High
610,292.048,47.131,297.054,7.145,404.492,396,0.161381,High
611,28.285,17.194,23.61,0.914,62.662,396,0.60788405,Low
612,283.591,117.678,312.024,7.352,479.572,396,0.41495675,High
613,124.959,37.869,120.284,5.522,241.695,396,0.3030514,Medium-High
614,289.556,101.738,308.699,8.238,466.87,396,0.35135862,High
615,33.858,13.691,35.201,0.95,70.008,396,0.40436527,Low
616,381.492,91.236,375.534,19.877,610.818,396,0.23915574,High
617,138.683,39.725,133.714,8.182,302.118,396,0.2864446,High
618,280.564,131.038,270.454,11.528,636.005,396,0.46705207,High
619,90.624,41.149,83.739,3.357,193.265,396,0.4540629,Medium-High
620,155.488,128.004,124.521,8.96,521.422,396,0.82324034,High
621,61.391,8.844,62.424,2.848,92.428,396,0.14406021,Medium-Low
622,19.541,9.037,18.834,0.485,55.798,396,0.46246353,Low
623,52.652,14.614,59.295,1.38,72.64,396,0.2775583,Medium-Low
624,31.461,10.691,39.12,2.11,51.23,396,0.33981755,Low
625,99.936,12.067,99.692,7.878,142.275,396,0.12074728,Medium-High
626,222.355,49.665,223.628,6.502,357.628,396,0.22335905,High
627,34.791,11.266,41.67,2.385,49.834,396,0.32381937,Low
628,232.161,53.222,239.31,7.54,436.01,396,0.2292461,High
629,78.441,18.556,79.66,8.738,108.945,396,0.23655996,Medium-High
630,135.994,32.226,139.526,14.862,181.365,396,0.23696634,High
631,80.872,15.512,84.72,7.425,104.965,396,0.19180928,Medium-High
632,69.956,16.924,71.859,7.292,103.66,396,0.24192348,Medium-Low
633,192.525,51.511,189.75,21.828,282.878,396,0.26755488,High
634,106.822,24.366,109.679,11.462,152.678,396,0.22809908,Medium-High
635,191.338,44.299,195.788,21.24,264.21,396,0.23152223,High
636,107.097,26.86,109.109,8.87,156.178,396,0.25080067,Medium-High
637,95.355,22.52,98.084,10.22,136.272,396,0.2361701,Medium-High
638,78.468,8.091,78.761,5.858,90.392,396,0.10311209,Medium-High
639,143.243,36.512,144.838,15.83,218.295,396,0.25489554,High
640,235.896,65.048,232.75,27.178,345.165,396,0.2757486,High
641,160.748,38.786,163.688,16.188,238.902,396,0.24128449,High
642,252.581,62.278,257.242,28.838,365.468,396,0.24656646,High
643,463.999,102.402,472.792,51.055,621.918,396,0.22069445,High
644,106.656,27.741,105.79,11.392,161.71,396,0.2600979,Medium-High
645,127.408,31.283,130.837,14.328,176.908,396,0.24553405,High
646,101.706,23.865,97.48,11.635,141.635,396,0.23464692,Medium-High
647,97.156,22.406,101.914,10.78,135.29,396,0.2306188,Medium-High
648,243.173,61.557,243.28,21.668,375.512,396,0.25314075,High
649,98.131,25.14,98.07,10.633,139.255,396,0.25618815,Medium-High
650,75.559,21.65,73.764,7.558,117.558,396,0.28653106,Medium-Low
651,137.066,33.337,139.11,14.98,197.485,396,0.24321862,High
652,188.695,46.762,190.68,20.598,266.532,396,0.2478179,High
653,159.799,37.252,163.348,17.135,215.22,396,0.23311785,High
654,117.172,30.15,115.681,12.785,174.89,396,0.25731403,Medium-High
655,216.961,49.982,221.72,23.278,307.112,396,0.23037319,High
656,267.844,62.782,277.944,27.86,359.988,396,0.23439765,High
657,94.177,25.367,92.505,10.64,134.608,396,0.26935452,Medium-High
658,104.096,25.761,105.726,11.758,140.14,396,0.24747348,Medium-High
659,278.951,66.278,280.589,32.078,378.952,396,0.23759729,High
660,219.199,46.672,214.399,20.76,303.75,396,0.21292068,High
661,150.48,51.961,144.266,17.492,294.948,396,0.3453017,High
662,173.478,41.623,173.029,18.838,245.945,396,0.23993245,High
663,84.589,19.537,85.889,9.27,118.402,396,0.23096386,Medium-High
664,222.958,50.043,227.976,21.928,292.812,396,0.22445035,High
665,77.045,45.814,73.011,1.975,188.468,396,0.5946395,Medium-High
666,19.319,4.986,18.668,0.257,34.29,396,0.2580879,Low
667,116.375,15.531,117.14,6.013,182.25,396,0.1334565,Medium-High
668,185.257,108.55,155.655,7.215,455.638,396,0.5859428,High
669,172.868,53.802,156.25,7.548,371.698,396,0.31123167,High
670,79.395,24.366,82.151,6.668,124.54,396,0.3068959,Medium-High
671,77.67,26.248,79.549,2.522,150.788,396,0.33794257,Medium-High
672,474.46,69.543,468.885,23.822,638.875,396,0.14657295,High
673,134.275,44.247,130.415,7.67,241.538,396,0.32952526,High
674,88.751,35.989,78.93,3.445,170.922,396,0.40550527,Medium-High
675,9.194,9.462,8.53,0.21,46.26,396,1.0291494,Low
676,26.474,5.904,25.602,0.69,50.395,396,0.22301124,Low
677,389.583,70.616,381.556,13.132,573.152,396,0.18126047,High
678,217.739,92.837,217.654,15.635,418.245,396,0.42636827,High
679,123.569,17.955,125.792,6.275,175.278,396,0.14530343,Medium-High
680,68.663,15.392,69.82,2.488,110.86,396,0.2241673,Medium-Low
681,77.0,18.177,76.99,8.195,106.925,396,0.23606494,Medium-High
682,119.87,42.135,112.239,2.662,257.143,396,0.3515058,Medium-High
683,214.975,55.653,211.006,14.422,350.625,396,0.25888127,High
684,49.537,33.239,51.265,2.23,206.83,396,0.6709934,Medium-Low
685,36.159,31.671,28.02,0.28,122.68,396,0.8758815,Low
686,59.564,15.915,61.005,6.585,100.298,396,0.2671916,Medium-Low
687,118.346,37.974,115.008,2.642,202.52,396,0.3208727,Medium-High
688,11.222,6.48,9.605,0.58,32.82,396,0.57743716,Low
689,51.491,8.665,50.513,1.752,71.445,396,0.16828184,Medium-Low
690,79.357,17.349,81.705,8.578,107.672,396,0.21861966,Medium-High
691,47.48,13.148,56.848,1.536,64.359,396,0.2769166,Medium-Low
692,83.68,13.496,84.716,3.688,115.282,396,0.16128108,Medium-High
693,73.352,41.324,62.51,4.39,186.09,396,0.5633657,Medium-Low
694,98.641,42.354,93.004,5.035,204.122,396,0.4293752,Medium-High
695,586.67,143.562,603.71,0.0,815.58,396,0.24470657,High
696,65.301,12.136,67.779,2.402,97.24,396,0.18584706,Medium-Low
697,80.623,100.78,22.56,1.0,294.155,396,1.2500155,Medium-High
698,79.811,45.673,89.902,2.97,202.32,396,0.5722645,Medium-High
699,304.637,73.378,312.558,32.76,436.492,396,0.24087028,High
700,259.0,69.727,261.296,0.0,368.335,396,0.2692162,High
701,87.606,24.267,86.48,10.02,128.19,396,0.27700156,Medium-High
702,184.766,28.161,190.987,6.522,257.07,396,0.1524144,High
703,152.871,35.923,155.068,16.932,209.825,396,0.23498897,High
704,114.943,47.585,107.744,3.54,218.055,396,0.4139878,Medium-High
705,28.71,4.003,29.118,1.0,37.01,396,0.13942876,Low
706,275.256,23.737,275.709,16.53,316.41,396,0.08623608,High
707,103.636,26.201,99.6,11.495,155.89,396,0.25281754,Medium-High
708,82.99,17.115,84.839,8.66,109.405,396,0.20622967,Medium-High
709,92.506,21.368,94.568,10.005,128.785,396,0.23099042,Medium-High
710,103.552,71.102,133.494,3.417,184.315,396,0.68663085,Medium-High
711,48.411,7.022,49.075,1.31,65.38,396,0.14504968,Medium-Low
712,121.379,26.565,124.529,13.872,170.472,396,0.21885994,Medium-High
713,243.736,74.563,239.526,19.315,423.235,396,0.30591708,High
714,71.313,33.326,84.306,1.268,128.51,396,0.4673201,Medium-Low
715,50.395,19.371,53.555,1.44,106.12,396,0.38438338,Medium-Low
716,227.887,109.588,251.491,2.017,468.285,396,0.48088747,High
717,35.72,22.158,35.685,0.67,97.35,396,0.62032473,Low
718,6.909,4.129,6.585,0.042,32.402,396,0.5976263,Low
719,24.538,18.829,20.908,0.225,108.33,396,0.7673405,Low
720,128.336,49.54,119.97,11.338,236.492,396,0.38601798,High
721,148.516,33.22,156.888,16.838,201.72,396,0.2236796,High
722,230.482,54.04,227.43,22.182,351.545,396,0.23446517,High
723,105.326,24.993,104.94,14.475,162.93,396,0.23729184,Medium-High
724,189.091,48.332,186.591,21.508,283.77,396,0.2556018,High
725,27.027,11.346,30.581,0.315,54.668,396,0.4198024,Low
726,69.606,23.861,61.769,3.775,133.772,396,0.3428009,Medium-Low
727,54.075,18.147,49.841,1.513,106.251,396,0.33558944,Medium-Low
728,33.78,17.049,29.876,2.826,117.863,396,0.5047069,Low
729,48.966,27.772,44.628,1.619,126.485,396,0.5671691,Medium-Low
730,83.184,37.775,70.719,5.132,184.935,396,0.4541138,Medium-High
731,248.824,123.762,223.1,10.42,472.28,396,0.4973877,High
732,6.123,3.276,3.095,0.502,10.512,396,0.53503186,Low
733,38.218,22.054,35.734,0.667,106.966,396,0.57705796,Low
734,76.311,51.549,60.165,6.03,202.358,396,0.6755121,Medium-High
735,136.416,31.796,138.951,14.663,191.392,396,0.23308116,High
736,112.999,26.208,114.788,12.204,163.736,396,0.23193125,Medium-High
737,31.597,15.824,27.63,1.116,103.364,396,0.50080705,Low
738,132.684,66.016,130.863,0.0,287.489,396,0.497543,High
739,10.731,7.991,9.524,0.546,58.943,396,0.744665,Low
740,134.633,48.937,125.384,13.129,271.486,396,0.36348444,High
741,45.161,11.761,45.288,4.223,69.098,396,0.2604238,Medium-Low
742,240.916,40.54,236.63,3.062,413.468,396,0.16827442,High
743,95.839,46.218,76.655,2.81,338.72,396,0.48224628,Medium-High
744,497.28,75.873,495.566,12.608,689.862,396,0.15257601,High
745,104.908,19.15,107.204,3.885,152.921,396,0.1825409,Medium-High
746,55.888,13.931,56.156,6.353,76.95,396,0.24926639,Medium-Low
747,38.353,9.119,41.097,1.376,54.4,396,0.23776498,Low
748,243.413,100.695,271.071,7.708,498.708,396,0.41367963,High
749,92.922,50.664,87.818,2.804,233.017,396,0.5452315,Medium-High
750,119.351,35.765,117.93,3.01,191.37,396,0.29966235,Medium-High
751,268.341,62.528,262.859,7.042,448.732,396,0.23301694,High
752,72.964,47.678,89.174,0.307,147.195,396,0.6534456,Medium-Low
753,215.08,71.474,180.816,6.475,380.438,396,0.33231354,High
754,763.702,274.78,879.021,36.93,1168.932,396,0.3598,High
755,279.631,100.199,264.662,20.498,540.835,396,0.35832578,High
756,93.168,26.484,88.505,6.5,261.57,396,0.2842607,Medium-High
757,141.48,19.806,141.214,10.655,239.44,396,0.13999152,High
758,99.547,21.263,100.108,8.278,170.068,396,0.21359761,Medium-High
759,141.846,66.897,126.394,7.955,331.582,396,0.47161716,High
760,178.494,120.42,140.382,22.502,486.932,396,0.67464453,High
761,17.315,8.204,15.871,0.703,57.857,396,0.47380885,Low
762,21.676,11.258,20.78,0.32,61.53,396,0.5193763,Low
763,43.358,9.395,46.324,1.034,57.785,396,0.21668436,Medium-Low
764,171.035,29.835,174.559,13.325,251.402,396,0.17443797,High
765,22.52,7.692,20.787,0.855,81.988,396,0.34156305,Low
766,118.319,37.016,124.164,9.11,220.348,396,0.31284916,Medium-High
767,78.495,69.499,71.568,2.71,343.347,396,0.885394,Medium-High
768,40.487,46.022,12.34,0.523,213.693,396,1.1367105,Medium-Low
769,9.595,9.067,6.088,0.118,53.803,396,0.9449714,Low
770,295.068,62.373,281.646,9.055,506.481,396,0.21138518,High
771,58.802,18.211,57.995,3.01,125.39,396,0.30970037,Medium-Low
772,89.149,30.928,82.031,11.613,182.414,396,0.3469248,Medium-High
773,27.019,5.968,28.279,2.974,35.308,396,0.22088161,Low
774,53.261,31.161,52.526,0.185,154.705,396,0.5850622,Medium-Low
775,43.965,35.789,34.852,2.221,164.619,396,0.8140339,Medium-Low
776,28.353,17.102,32.775,0.2,63.16,396,0.6031813,Low
777,13.557,6.343,15.813,0.182,26.241,396,0.46787637,Low
778,51.091,14.249,50.99,0.828,88.008,396,0.2788945,Medium-Low
779,37.613,10.831,35.767,4.806,74.541,396,0.28795898,Low
780,201.021,54.744,203.124,20.28,317.978,396,0.27232975,High
781,71.93,16.444,73.965,1.87,107.59,396,0.22861116,Medium-Low
782,209.194,113.527,236.899,3.71,542.838,396,0.54268765,High
783,45.572,29.332,68.41,3.236,70.489,396,0.6436409,Medium-Low
784,398.144,53.959,406.552,17.082,548.878,396,0.13552634,High
785,53.678,18.406,51.99,1.76,98.67,396,0.34289652,Medium-Low
786,302.663,75.994,287.028,8.822,468.645,396,0.25108457,High
787,111.367,23.68,109.444,4.208,192.579,396,0.21263032,Medium-High
788,12.29,11.348,13.04,0.7,71.86,283,0.9233523,Low
789,50.874,12.564,46.25,1.16,82.59,396,0.24696308,Medium-Low
790,309.65,86.087,276.995,10.21,531.77,396,0.27801389,High
791,108.288,33.506,111.607,10.931,176.239,396,0.30941564,Medium-High
792,143.509,68.945,139.158,7.416,438.647,396,0.48042282,High
793,191.427,122.834,129.601,8.066,517.031,396,0.6416754,High
794,23.729,11.464,24.106,0.359,53.524,396,0.4831219,Low
795,36.384,24.565,45.22,0.4,90.11,396,0.67515945,Low
796,33.427,12.789,34.03,0.72,69.48,396,0.3825949,Low
797,155.196,28.252,150.286,6.903,225.322,396,0.18204078,High
798,56.035,13.867,56.209,4.88,102.2,396,0.24747032,Medium-Low
799,354.49,68.382,335.052,13.338,668.135,396,0.19290249,High
800,109.004,28.232,103.142,3.477,187.372,396,0.25899968,Medium-High
801,37.91,17.763,36.16,1.49,81.13,396,0.46855712,Low
802,153.182,46.008,163.535,6.112,283.972,396,0.30034858,High
803,136.51,33.779,141.56,15.0,186.14,396,0.24744707,High
804,66.918,38.691,54.11,3.249,184.884,396,0.57818526,Medium-Low
805,37.857,6.315,36.57,1.56,66.25,396,0.16681196,Low
806,10.613,3.665,9.484,0.527,36.208,396,0.3453312,Low
807,314.292,120.4,294.242,13.244,572.241,396,0.38308325,High
808,49.025,19.831,57.291,0.664,97.129,396,0.40450788,Medium-Low
809,557.674,37.111,566.245,27.41,643.852,396,0.066546045,High
810,79.563,33.93,73.736,6.551,231.053,396,0.42645448,Medium-High
811,21.669,6.397,20.196,1.077,45.217,396,0.29521435,Low
812,134.922,63.177,118.511,0.235,348.458,396,0.4682483,High
813,77.175,17.662,75.98,4.24,165.32,396,0.22885649,Medium-High
814,81.83,32.897,81.388,1.507,169.443,396,0.40201637,Medium-High
815,19.165,13.82,14.685,0.18,72.34,396,0.7211061,Low
816,67.382,14.906,68.074,6.776,98.204,396,0.22121634,Medium-Low
817,172.578,91.95,213.318,2.172,318.733,396,0.5328025,High
818,14.95,5.1,15.24,0.64,34.22,396,0.3411371,Low
819,169.304,34.933,169.544,5.03,265.285,396,0.20633298,High
820,57.985,24.185,66.66,0.0,117.55,235,0.41709062,Medium-Low
821,14.787,13.632,13.225,0.1,72.31,396,0.92189085,Low
822,28.227,6.396,30.388,0.899,38.721,396,0.22659156,Low
823,122.355,34.926,120.327,2.753,254.099,396,0.28544807,Medium-High
824,25.451,15.84,23.755,0.57,63.76,396,0.6223724,Low
825,122.65,52.905,118.995,0.31,237.03,396,0.43134937,Medium-High
826,29.205,23.46,23.192,1.237,195.551,396,0.8032871,Low
827,263.784,153.584,355.584,4.788,478.552,396,0.58223397,High
828,101.481,68.467,118.245,0.16,242.33,396,0.674678,Medium-High
829,105.43,23.966,100.174,10.025,157.408,396,0.22731669,Medium-High
830,53.702,34.389,59.06,0.563,136.417,396,0.6403672,Medium-Low
831,120.337,27.779,121.11,13.335,163.953,396,0.23084338,Medium-High
832,50.47,13.273,52.104,5.016,72.619,396,0.2629879,Medium-Low
833,36.601,17.454,34.3,0.0,96.67,396,0.4768722,Low
834,289.419,81.633,266.208,8.624,586.073,396,0.2820582,High
835,123.887,80.823,110.453,2.923,268.694,396,0.65239286,Medium-High
836,18.514,13.8,14.225,0.811,61.117,396,0.7453819,Low
837,88.977,61.641,108.53,0.84,243.21,396,0.69277453,Medium-High
838,47.81,23.63,40.454,1.308,120.418,396,0.49424803,Medium-Low
839,114.623,57.401,129.276,2.726,224.176,396,0.5007808,Medium-High
840,28.64,27.686,17.584,0.466,116.531,396,0.96669,Low
841,219.681,69.549,204.975,17.822,554.932,396,0.3165909,High
842,158.708,77.567,194.672,1.321,287.843,396,0.48874035,High
843,241.568,54.812,248.311,27.092,328.68,396,0.22690092,High
844,20.543,10.55,21.404,0.264,54.373,396,0.51355696,Low
845,29.799,22.305,26.031,0.865,244.518,396,0.74851507,Low
846,193.881,49.283,203.66,7.182,313.032,396,0.25419202,High
847,54.13,23.015,65.597,0.741,90.139,396,0.4251801,Medium-Low
848,92.118,58.54,77.97,2.98,231.04,396,0.6354893,Medium-High
849,61.969,14.767,63.023,6.902,81.95,396,0.23829657,Medium-Low
850,34.051,22.384,25.068,3.128,102.217,396,0.65736693,Low
851,54.076,28.501,48.551,1.235,126.86,396,0.5270545,Medium-Low
852,12.547,11.406,9.13,0.146,45.324,396,0.90906197,Low
853,251.513,32.296,251.94,7.77,398.73,396,0.12840688,High
854,111.576,22.297,112.251,1.775,169.62,396,0.1998369,Medium-High
855,11.627,6.805,13.92,0.28,28.36,396,0.58527565,Low
856,14.144,16.238,7.245,1.88,84.47,320,1.1480488,Low
857,29.372,13.214,28.6,0.778,72.725,396,0.44988424,Low
858,54.766,29.141,49.879,2.058,113.92,396,0.53210026,Medium-Low
859,122.273,59.32,149.405,1.452,208.432,396,0.4851439,Medium-High
860,28.669,6.775,29.041,3.056,39.883,396,0.23631798,Low
861,27.575,7.209,27.845,3.113,38.893,396,0.26143244,Low
862,102.543,28.624,99.721,7.339,187.742,396,0.27914143,Medium-High
863,22.233,18.086,19.596,0.274,104.527,396,0.8134755,Low
864,75.093,20.023,74.45,2.64,132.68,396,0.2666427,Medium-Low
865,61.562,39.014,80.583,0.625,141.828,396,0.6337351,Medium-Low
866,41.514,14.15,40.858,0.985,78.031,396,0.34084886,Medium-Low
867,85.467,114.219,52.924,2.013,687.758,396,1.3364105,Medium-High
868,56.147,24.817,47.637,2.192,142.554,396,0.44200045,Medium-Low
869,102.93,61.889,122.5,1.1,222.43,396,0.6012727,Medium-High
870,107.233,48.15,118.767,1.114,253.624,396,0.44902223,Medium-High
871,26.041,15.2,24.23,0.251,162.876,396,0.58369493,Low
872,103.971,46.802,100.008,4.018,238.131,396,0.45014474,Medium-High
873,85.467,56.528,106.33,0.24,186.22,396,0.66140145,Medium-High
874,105.181,14.01,99.764,5.954,154.464,396,0.13319896,Medium-High
875,137.822,33.548,136.354,5.189,223.369,396,0.24341542,High
876,183.039,42.975,186.426,5.41,268.648,396,0.23478602,High
877,165.151,31.721,166.242,6.831,259.83,396,0.19207272,High
878,94.411,27.933,108.469,3.431,152.536,396,0.29586595,Medium-High
879,12.295,7.889,11.625,0.11,37.75,396,0.6416429,Low
880,125.751,90.025,137.18,5.97,323.57,396,0.7158989,Medium-High
881,318.662,185.868,351.339,5.47,736.462,396,0.58327633,High
882,21.855,10.073,27.04,0.152,33.554,396,0.4609014,Low
883,44.861,7.787,43.975,1.53,83.744,396,0.17358062,Medium-Low
884,43.149,17.725,38.069,1.63,89.152,396,0.4107859,Medium-Low
885,24.717,23.55,17.15,1.09,138.99,396,0.95278555,Low
886,32.927,29.609,26.03,0.65,185.9,396,0.8992317,Low
887,74.702,58.431,81.62,0.45,189.65,396,0.7821879,Medium-Low
888,313.447,172.818,321.894,21.799,774.887,396,0.5513468,High
889,159.145,51.958,152.473,0.33,295.289,396,0.32648212,High
890,42.586,14.867,46.062,1.422,69.565,396,0.34910533,Medium-Low
891,35.06,18.117,39.13,0.19,67.69,396,0.5167427,Low
892,151.712,65.387,161.315,5.77,324.52,396,0.43099424,High
893,257.847,61.751,251.189,7.07,440.11,396,0.23948699,High
894,52.216,30.632,42.89,0.89,126.2,396,0.5866401,Medium-Low
895,139.436,107.008,171.965,0.84,314.99,396,0.76743454,High
896,106.038,66.498,76.542,1.978,308.41,396,0.62711483,Medium-High
897,124.267,21.302,122.401,19.893,174.723,396,0.17142121,Medium-High
898,75.0,26.09,83.534,1.98,119.71,396,0.34786665,Medium-Low
899,87.331,39.745,103.105,0.35,144.69,396,0.45510757,Medium-High
1000,85.663,35.829,78.875,0.18,217.44,396,0.41825524,Medium-High
900,93.942,44.905,95.072,0.654,217.544,396,0.47800767,Medium-High
901,54.579,26.756,52.345,1.86,172.24,396,0.4902252,Medium-Low
902,23.29,15.063,19.898,0.464,61.509,396,0.6467582,Low
903,39.941,18.209,35.446,1.302,128.443,396,0.45589742,Medium-Low
904,10.648,5.529,8.754,0.441,39.619,396,0.5192524,Low
905,14.278,4.809,13.488,0.0,40.034,396,0.33681187,Low
906,62.217,33.248,54.174,11.195,203.306,396,0.5343877,Medium-Low
907,25.674,13.389,25.035,0.56,65.75,396,0.52150035,Low
908,261.533,52.622,268.208,12.69,398.482,396,0.20120598,High
909,137.598,45.53,139.088,0.0,217.12,396,0.3308914,High
910,127.892,29.641,122.95,2.48,249.7,396,0.23176588,High
911,62.255,19.109,59.312,6.567,103.543,396,0.3069472,Medium-Low
912,29.568,18.963,33.321,0.102,69.828,396,0.6413352,Low
913,46.969,14.648,43.26,1.622,144.735,396,0.31186527,Medium-Low
914,100.013,22.515,97.592,2.596,200.201,396,0.22512072,Medium-High
915,116.903,17.626,118.311,0.63,168.052,396,0.15077457,Medium-High
916,34.76,6.003,34.706,0.528,56.31,396,0.17269851,Low
917,130.257,22.643,128.94,5.25,193.0,396,0.17383327,High
918,65.36,31.234,68.082,0.115,160.732,396,0.47787637,Medium-Low
919,29.66,17.269,27.3,1.53,101.27,396,0.58223194,Low
920,110.334,26.315,111.218,12.458,164.79,396,0.2385031,Medium-High
921,134.0,23.709,131.312,3.342,201.46,396,0.17693283,High
922,193.142,32.313,187.99,7.81,268.7,396,0.16730177,High
923,241.579,46.052,245.302,0.0,308.708,396,0.19062915,High
924,107.881,48.342,98.695,0.39,267.41,396,0.44810486,Medium-High
925,71.395,49.927,56.032,3.513,196.462,396,0.69930667,Medium-Low
926,166.227,46.652,155.842,4.605,308.882,396,0.28065234,High
927,18.413,7.635,17.619,0.364,36.857,396,0.4146527,Low
928,21.394,14.009,20.176,0.36,66.787,396,0.6548098,Low
929,30.186,13.966,36.15,0.43,49.98,396,0.46266478,Low
930,43.671,7.733,42.966,2.546,61.551,396,0.17707402,Medium-Low
931,55.605,25.687,53.87,1.52,196.56,396,0.46195486,Medium-Low
932,18.532,8.311,18.101,0.865,46.636,396,0.44846752,Low
933,61.296,36.384,51.31,16.79,312.37,244,0.5935787,Medium-Low
934,67.301,11.977,66.646,3.118,102.026,396,0.17796169,Medium-Low
935,30.58,7.223,29.205,1.62,63.37,396,0.23620014,Low
936,105.996,32.277,107.722,13.829,158.025,396,0.3045115,Medium-High
937,69.903,20.682,66.462,3.091,138.96,396,0.29586712,Medium-Low
938,13.147,15.649,8.84,1.627,117.128,396,1.1903095,Low
939,81.624,72.05,70.236,0.733,306.186,396,0.8827061,Medium-High
940,167.882,93.924,206.838,1.148,304.015,396,0.5594644,High
941,110.447,70.228,139.838,1.67,259.918,396,0.63585246,Medium-High
942,39.25,41.414,19.586,0.005,206.542,396,1.0551338,Low
943,41.067,21.882,47.455,0.0,89.61,396,0.53283656,Medium-Low
944,59.45,18.185,59.002,0.989,151.744,396,0.30588728,Medium-Low
945,172.329,52.176,169.126,13.476,310.45,396,0.3027697,High
946,100.126,31.794,104.805,2.591,176.88,396,0.3175399,Medium-High
947,69.895,190.793,0.566,0.0,1036.885,396,2.729709,Medium-Low
948,100.386,53.123,89.896,6.274,285.589,396,0.5291873,Medium-High
949,150.141,25.681,149.502,5.047,217.819,396,0.17104587,High
950,132.852,60.903,127.1,7.976,278.944,396,0.4584274,High
951,102.209,27.397,107.66,6.915,180.975,396,0.2680488,Medium-High
952,40.195,39.491,22.5,0.287,193.831,396,0.9824854,Medium-Low
953,213.61,40.09,211.629,3.368,311.35,396,0.18767849,High
954,75.588,78.873,37.89,8.44,279.0,396,1.0434593,Medium-Low
955,74.701,35.719,82.54,1.81,147.48,396,0.47815964,Medium-Low
956,32.631,20.686,36.313,0.345,95.582,396,0.63393706,Low
957,208.144,254.107,120.048,0.0,1030.401,396,1.220823,High
958,249.538,39.814,251.004,0.382,320.925,396,0.15955085,High
959,269.852,48.217,271.179,4.025,397.248,396,0.17867942,High
960,131.789,16.284,134.144,0.375,158.26,396,0.12356115,High
961,293.552,38.816,297.248,1.295,415.215,396,0.1322287,High
962,91.291,13.354,93.062,0.065,156.402,396,0.14627948,Medium-High
963,327.426,39.319,330.872,0.785,400.255,396,0.12008515,High
964,256.057,32.157,257.83,0.52,319.672,396,0.12558532,High
965,225.267,29.833,224.872,0.745,264.768,396,0.13243395,High
966,119.065,15.234,120.311,1.185,191.482,396,0.12794691,Medium-High
967,135.791,16.999,137.758,1.672,173.682,396,0.12518503,High
968,119.352,21.246,113.039,2.183,179.838,396,0.17801127,Medium-High
969,186.411,22.897,186.862,12.07,237.462,396,0.12283073,High
970,14.624,2.3,14.799,0.549,20.418,396,0.1572757,Low
971,18.544,9.55,20.012,0.321,50.986,396,0.51499134,Low
972,202.034,118.578,220.65,0.02,485.06,396,0.58692104,High
973,140.887,73.055,132.46,6.67,346.86,396,0.51853615,High
974,101.691,7.904,101.941,5.958,118.912,396,0.07772566,Medium-High
975,59.048,32.689,56.715,0.85,133.8,396,0.55360043,Medium-Low
976,108.207,92.366,77.64,2.97,415.55,396,0.8536046,Medium-High
977,54.291,54.552,25.565,1.189,239.266,396,1.0048074,Medium-Low
978,302.727,26.397,314.602,14.282,345.812,396,0.08719738,High
979,257.98,110.507,222.67,19.78,443.69,396,0.42835492,High
980,121.375,47.267,120.905,1.11,272.98,358,0.38942945,Medium-High
981,172.107,165.622,132.985,1.1,982.95,396,0.96231997,High
982,147.183,86.81,160.478,2.098,336.559,396,0.58980995,High
983,29.397,5.696,28.884,0.892,50.084,396,0.19376127,Low
984,190.629,21.803,193.526,4.672,232.892,396,0.11437399,High
985,26.465,15.587,23.494,1.306,96.145,396,0.58896655,Low
986,239.08,29.739,238.475,7.972,327.37,396,0.12438933,High
987,124.088,76.638,132.234,11.55,369.885,396,0.6176101,Medium-High
988,24.867,10.689,23.692,1.049,62.922,396,0.4298468,Low
989,285.66,44.425,287.21,1.792,369.992,396,0.15551704,High
990,229.893,107.398,228.832,16.102,448.09,396,0.46716517,High
991,57.915,23.745,60.183,3.202,138.147,396,0.4099974,Medium-Low
992,105.173,25.803,101.71,3.65,171.35,396,0.24533863,Medium-High
993,60.782,36.75,57.142,0.796,149.628,396,0.6046198,Medium-Low
994,206.324,28.541,210.355,6.748,274.875,396,0.13833097,High
995,193.726,90.829,174.2,6.42,487.47,396,0.46885294,High
996,57.234,21.517,63.97,0.69,95.04,396,0.37594786,Medium-Low
997,64.956,8.368,63.3,5.352,90.928,396,0.12882566,Medium-Low
998,91.327,81.973,60.618,7.854,563.139,396,0.8975768,Medium-High
999,58.998,40.425,71.746,0.732,171.09,396,0.6851927,Medium-Low
