zip_code,longitude,latitude
01001,18.7394,49.2231
01002,18.722,49.2141
01003,18.7394,49.2231
01004,18.6718,49.2084
01007,18.7394,49.2231
01008,18.7394,49.2231
01009,18.7394,49.2231
01010,18.7394,49.2231
01014,18.7394,49.2231
01015,18.7394,49.2231
01024,18.7249,49.2156
01025,18.7249,49.2156
01026,18.7249,49.2156
01028,18.7249,49.2156
01029,18.7249,49.2156
01032,18.7249,49.2156
01033,18.7249,49.2156
01036,18.7249,49.2156
01037,18.7249,49.2156
01038,18.7249,49.2156
01040,18.7249,49.2156
01043,18.7249,49.2156
01046,18.7249,49.2156
01050,18.7249,49.2156
01051,18.7249,49.2156
01053,18.7249,49.2156
01055,18.7249,49.2156
01056,18.7249,49.2156
01058,18.7249,49.2156
01059,18.7249,49.2156
01060,18.7249,49.2156
01063,18.7249,49.2156
01065,18.7249,49.2156
01066,18.7249,49.2156
01069,18.7249,49.2156
01075,18.7249,49.2156
01077,18.7249,49.2156
01080,18.7249,49.2156
01083,18.7249,49.2156
01085,18.7249,49.2156
01086,18.7249,49.2156
01088,18.7249,49.2156
01091,18.7249,49.2156
01093,18.7249,49.2156
01094,18.7249,49.2156
01098,18.7249,49.2156
01099,18.7249,49.2156
01100,18.5521,49.1381
01101,18.5521,49.1381
01104,18.5521,49.1381
01106,18.5521,49.1381
01109,18.5521,49.1381
01111,18.5521,49.1381
01112,18.5521,49.1381
01114,18.5521,49.1381
01115,18.5521,49.1381
01118,18.5521,49.1381
01119,18.5521,49.1381
01120,18.5521,49.1381
01121,18.5521,49.1381
01123,18.5521,49.1381
01124,18.5521,49.1381
01126,18.5521,49.1381
01128,18.5521,49.1381
01129,18.5521,49.1381
01130,18.5521,49.1381
01131,18.5521,49.1381
01135,18.5521,49.1381
01136,18.5521,49.1381
01137,18.5521,49.1381
01140,18.5521,49.1381
01141,18.5521,49.1381
01143,18.5521,49.1381
01145,18.5521,49.1381
01147,18.5521,49.1381
01148,18.5521,49.1381
01155,18.5521,49.1381
01156,18.5521,49.1381
01157,18.5521,49.1381
01158,18.5521,49.1381
01159,18.5521,49.1381
01161,18.5521,49.1381
01162,18.5521,49.1381
01163,18.5521,49.1381
01165,18.5521,49.1381
01167,18.5521,49.1381
01169,18.5521,49.1381
01170,18.5521,49.1381
01171,18.5521,49.1381
01174,18.5521,49.1381
01177,18.5521,49.1381
01178,18.5521,49.1381
01179,18.5521,49.1381
01180,18.5521,49.1381
01184,18.5521,49.1381
01186,18.5521,49.1381
01187,18.5521,49.1381
01188,18.5521,49.1381
01191,18.5521,49.1381
01192,18.5521,49.1381
01193,18.5521,49.1381
01194,18.5521,49.1381
01195,18.5521,49.1381
01196,18.5521,49.1381
01197,18.5521,49.1381
01198,18.5521,49.1381
01200,18.5521,49.1381
01202,18.5521,49.1381
01205,18.5521,49.1381
01206,18.5521,49.1381
01207,18.5521,49.1381
01208,18.5521,49.1381
01209,18.5521,49.1381
01214,18.5521,49.1381
01215,18.5521,49.1381
01217,18.5521,49.1381
01219,18.5521,49.1381
01223,18.5521,49.1381
01225,18.5521,49.1381
01227,18.5521,49.1381
01228,18.5521,49.1381
01232,18.5521,49.1381
01235,18.5521,49.1381
01241,18.5521,49.1381
01245,18.5521,49.1381
01247,18.5521,49.1381
01251,18.5521,49.1381
01252,18.5521,49.1381
01253,18.5521,49.1381
01301,18.7999,49.2243
01302,18.839,49.2503
01303,18.8707,49.2023
01304,18.9157,49.2156
01305,18.9173,49.2446
01306,19.0294,49.259
01311,18.6625,49.1534
01312,18.7498,49.1491
01313,18.6865,49.1272
01314,18.6884,49.0923
01315,18.6357,49.0444
01318,18.644,49.1725
01319,18.6485,49.1064
01322,18.7667,49.1833
01323,18.7843,49.1608
01324,18.8679,49.1737
01325,18.8218,49.1715
01331,18.6952,49.2718
01332,18.6317,49.3073
01341,18.6226,49.2222
01342,18.6631,49.2582
01351,18.5139,49.1819
01352,18.5645,49.1839
01353,18.5235,49.2579
01354,18.5333,49.2723
01355,18.4671,49.2384
01356,18.4894,49.2104
01361,18.5991,49.2414
01362,18.5843,49.2913
01401,18.5899,49.2111
01418,18.5588,49.224
01435,18.5588,49.224
01438,18.5588,49.224
01444,18.5588,49.224
01483,18.5588,49.224
01501,18.5971,49.1028
01514,18.6141,49.088
01521,18.6141,49.088
01522,18.6141,49.088
01526,18.6141,49.088
01541,18.6141,49.088
01701,18.408,49.0801
01704,18.4217,49.1215
01705,18.531,49.1271
01706,18.4217,49.1215
01707,18.4217,49.1215
01713,18.4632,49.1199
01721,18.4632,49.1199
01723,18.4632,49.1199
01726,18.4632,49.1199
01733,18.4632,49.1199
01734,18.4632,49.1199
01736,18.4632,49.1199
01739,18.4632,49.1199
01746,18.4632,49.1199
01753,18.4632,49.1199
01780,18.4632,49.1199
01801,18.4,49.1667
01802,18.3547,49.1823
01803,18.3092,49.2462
01812,18.4307,49.211
01813,18.4115,49.2297
01815,18.5644,49.1081
01816,18.5574,49.0443
01817,18.4511,49.1801
01821,18.436,49.0649
01822,18.4555,49.0448
01826,18.5,49.1667
01831,18.3161,48.972
01832,18.4347,48.9524
01835,18.305,48.9415
01841,18.1663,48.9598
01850,18.1825,49.021
01851,18.1463,48.9348
01852,18.1543,49.0653
01853,18.1415,48.9782
01854,18.1743,49.0137
01855,18.2179,49.0414
01856,18.1774,49.0903
01857,18.2066,49.0636
01861,18.3627,49.0674
01863,18.2875,49.04
01864,18.2606,49.0089
01901,18.2353,48.9977
01917,18.2353,48.9977
02001,18.2995,49.1336
02018,18.2718,49.1273
02025,18.2718,49.1273
02032,18.2718,49.1273
02039,18.2718,49.1273
02051,18.2857,49.1487
02052,18.2599,49.1729
02053,18.2544,49.2067
02054,18.1964,49.1971
02055,18.2139,49.2254
02061,18.2497,49.1095
02062,18.2582,49.0465
02063,18.2159,49.1062
02064,18.216,49.1497
02071,18.3566,49.1396
02072,18.4019,48.9858
02201,18.7889,49.435
02204,18.7889,49.435
02216,18.7889,49.435
02221,18.7889,49.435
02227,18.7889,49.435
02247,18.7889,49.435
02274,18.7889,49.435
02301,18.8819,49.4357
02302,18.8214,49.362
02303,18.8866,49.3797
02304,18.9491,49.3474
02305,19.0145,49.345
02311,18.7318,49.4073
02312,18.7962,49.4809
02313,18.8195,49.4936
02314,18.8971,49.4966
02321,18.5536,49.4153
02322,18.5648,49.4483
02331,18.7176,49.315
02332,18.7872,49.2653
02333,18.81,49.3117
02334,18.8161,49.3388
02335,18.7896,49.3489
02336,18.8379,49.2746
02341,18.7415,49.3177
02345,18.8937,49.275
02351,18.7379,49.4448
02352,18.6762,49.4236
02353,18.6869,49.421
02354,18.6226,49.4043
02355,18.5441,49.3785
02356,18.4804,49.3705
02357,18.6646,49.4127
02401,18.7833,49.3
02404,18.7833,49.3
02441,18.7833,49.3
02601,19.394,49.2029
02612,19.3386,49.2007
02614,19.3386,49.2007
02617,19.3386,49.2007
02619,19.3386,49.2007
02621,19.3386,49.2007
02624,19.3386,49.2007
02625,19.3386,49.2007
02626,19.3386,49.2007
02627,19.3386,49.2007
02680,19.3386,49.2007
02705,19.1536,49.2763
02712,19.6922,49.3616
02713,19.7899,49.3663
02721,19.2174,49.1724
02732,19.5728,49.2224
02741,19.3569,49.2594
02742,19.5548,49.2863
02743,19.5243,49.3105
02744,19.556,49.337
02751,19.1306,49.1518
02753,19.2217,49.2151
02754,19.241,49.2199
02755,19.45,49.2667
02801,19.6125,49.361
02813,19.6125,49.361
02815,19.6125,49.361
02901,19.4665,49.3857
02913,19.3986,49.4141
02915,19.3986,49.4141
02917,19.3986,49.4141
02921,19.3986,49.4141
02941,19.4925,49.4368
02942,19.5412,49.4287
02943,19.5117,49.4454
02944,19.4762,49.486
02945,19.5238,49.5073
02946,19.4115,49.5082
02947,19.4407,49.5272
02951,19.4134,49.3678
02952,19.3807,49.3308
02953,19.3844,49.3876
02954,19.3034,49.3605
02955,19.2654,49.4285
02956,19.2929,49.3886
02957,19.1842,49.3675
02962,19.3834,49.466
02963,19.3196,49.4623
02964,19.4352,49.3905
03101,19.5843,48.9709
03104,19.6764,49.1091
03105,19.5988,49.0628
03106,19.5988,49.0628
03123,19.5988,49.0628
03125,19.5988,49.0628
03128,19.5988,49.0628
03129,19.5988,49.0628
03132,19.5988,49.0628
03133,19.5988,49.0628
03136,19.5988,49.0628
03139,19.5988,49.0628
03141,19.5988,49.0628
03142,19.5988,49.0628
03146,19.5988,49.0628
03148,19.5988,49.0628
03180,19.5988,49.0628
03202,19.6491,49.054
03203,19.6823,49.0584
03204,19.6805,49.0756
03205,19.6652,49.1308
03211,19.5411,49.0295
03212,19.4953,49.0391
03213,19.478,49.0931
03214,19.475,49.0335
03215,19.4472,49.067
03221,19.6295,49.1363
03223,19.5649,49.1606
03231,19.8289,49.0444
03232,19.8901,49.0591
03233,19.7899,49.0226
03234,19.7689,48.9804
03242,19.7616,49.0713
03244,19.8175,49.0892
03261,19.9804,49.0597
03301,19.7234,49.0396
03311,19.7194,49.0489
03312,19.7194,49.0489
03314,19.7194,49.0489
03315,19.7194,49.0489
03317,19.7194,49.0489
03319,19.7194,49.0489
03401,19.3421,49.0694
03403,19.3075,49.0748
03404,19.3285,49.0676
03405,19.3285,49.0676
03406,19.3075,49.0748
03416,19.3272,49.083
03417,19.3272,49.083
03426,19.3272,49.083
03450,19.3272,49.083
03453,19.3272,49.083
03471,19.3333,49.05
03472,19.3238,48.941
03473,19.2618,48.9496
03474,19.1798,48.9206
03481,19.3537,49.0902
03482,19.4153,49.1252
03483,19.4092,49.1098
03484,19.3924,49.063
03491,19.1689,49.1201
03492,19.1739,49.1423
03495,19.3116,49.0926
03496,19.2436,49.1469
03601,18.924,49.0665
03603,18.924,49.0665
03604,18.924,49.0665
03605,18.924,49.0665
03608,18.924,49.0665
03609,18.924,49.0665
03625,18.924,49.0665
03632,18.924,49.0665
03636,18.924,49.0665
03637,18.924,49.0665
03649,18.924,49.0665
03652,18.924,49.0665
03653,18.924,49.0665
03655,18.924,49.0665
03657,18.924,49.0665
03658,18.924,49.0665
03659,18.924,49.0665
03663,18.924,49.0665
03665,18.924,49.0665
03680,18.924,49.0665
03697,18.924,49.0665
03802,18.9629,49.0416
03803,19.0275,49.052
03804,18.8833,49.05
03811,18.9799,49.0016
03812,18.9659,48.9871
03815,18.9007,48.9606
03821,18.8848,48.9094
03822,18.759,48.9094
03823,18.7939,48.8575
03831,18.7048,48.97
03835,18.845,49.0018
03840,18.9238,49.0243
03841,18.9044,49.0299
03842,18.882,48.9888
03843,18.823,48.9722
03844,18.8443,48.9401
03845,18.8393,48.9029
03846,18.8846,48.825
03847,18.8295,48.7862
03848,18.9212,48.7594
03851,19.0232,49.0865
03852,18.9907,49.0999
03853,19.0403,49.1175
03854,19.0833,49.1333
03861,18.9171,49.1133
03901,18.9042,48.848
03912,18.8605,48.8623
03914,18.8605,48.8623
03917,18.8605,48.8623
03919,18.8605,48.8623
03946,18.8605,48.8623
04001,21.2562,48.71
04002,21.2059,48.7759
04003,21.2059,48.7759
04004,21.2059,48.7759
04005,21.2059,48.7759
04007,21.2059,48.7759
04008,21.2059,48.7759
04010,21.2776,48.6896
04011,21.2298,48.7109
04012,21.2776,48.6896
04013,21.3244,48.7017
04014,21.2973,48.7334
04015,21.1709,48.6353
04016,21.184,48.7067
04017,21.2917,48.6489
04018,21.3814,48.606
04019,21.2776,48.6896
04020,21.2673,48.7019
04022,21.2847,48.7358
04023,21.2127,48.7147
04031,21.2673,48.7019
04032,21.2673,48.7019
04034,21.2673,48.7019
04039,21.2673,48.7019
04041,21.2673,48.7019
04042,21.2673,48.7019
04045,21.2673,48.7019
04046,21.2673,48.7019
04050,21.2673,48.7019
04053,21.2673,48.7019
04055,21.2673,48.7019
04057,21.2673,48.7019
04058,21.2673,48.7019
04059,21.2673,48.7019
04060,21.2673,48.7019
04064,21.2673,48.7019
04065,21.2673,48.7019
04066,21.2673,48.7019
04073,21.2673,48.7019
04074,21.2673,48.7019
04075,21.2673,48.7019
04077,21.2673,48.7019
04079,21.2673,48.7019
04081,21.2673,48.7019
04082,21.2673,48.7019
04083,21.2673,48.7019
04085,21.2673,48.7019
04087,21.2673,48.7019
04089,21.2673,48.7019
04100,20.9367,48.6777
04102,20.9367,48.6777
04103,20.9367,48.6777
04105,20.9367,48.6777
04107,20.9367,48.6777
04108,20.9367,48.6777
04109,20.9367,48.6777
04110,20.9367,48.6777
04111,20.9367,48.6777
04112,20.9367,48.6777
04114,20.9367,48.6777
04115,20.9367,48.6777
04117,20.9367,48.6777
04118,20.9367,48.6777
04119,20.9367,48.6777
04120,20.9367,48.6777
04121,20.9367,48.6777
04122,20.9367,48.6777
04123,20.9367,48.6777
04124,20.9367,48.6777
04125,20.9367,48.6777
04126,20.9367,48.6777
04127,20.9367,48.6777
04128,20.9367,48.6777
04130,20.9367,48.6777
04134,20.9367,48.6777
04137,20.9367,48.6777
04139,20.9367,48.6777
04140,20.9367,48.6777
04141,20.9367,48.6777
04142,20.9367,48.6777
04145,20.9367,48.6777
04147,20.9367,48.6777
04148,20.9367,48.6777
04149,20.9367,48.6777
04150,20.9367,48.6777
04152,20.9367,48.6777
04153,20.9367,48.6777
04154,20.9367,48.6777
04155,20.9367,48.6777
04156,20.9367,48.6777
04158,20.9367,48.6777
04160,20.9367,48.6777
04161,20.9367,48.6777
04162,20.9367,48.6777
04163,20.9367,48.6777
04167,20.9367,48.6777
04168,20.9367,48.6777
04170,20.9367,48.6777
04171,20.9367,48.6777
04174,20.9367,48.6777
04175,20.9367,48.6777
04176,20.9367,48.6777
04178,20.9367,48.6777
04179,20.9367,48.6777
04180,20.9367,48.6777
04181,20.9367,48.6777
04182,20.9367,48.6777
04183,20.9367,48.6777
04185,20.9367,48.6777
04186,20.9367,48.6777
04189,20.9367,48.6777
04192,20.9367,48.6777
04193,20.9367,48.6777
04196,20.9367,48.6777
04197,20.9367,48.6777
04200,20.9367,48.6777
04202,20.9367,48.6777
04203,20.9367,48.6777
04204,20.9367,48.6777
04205,20.9367,48.6777
04207,20.9367,48.6777
04208,20.9367,48.6777
04209,20.9367,48.6777
04211,20.9367,48.6777
04212,20.9367,48.6777
04213,20.9367,48.6777
04214,20.9367,48.6777
04215,20.9367,48.6777
04218,20.9367,48.6777
04219,20.9367,48.6777
04220,20.9367,48.6777
04223,20.9367,48.6777
04224,20.9367,48.6777
04226,20.9367,48.6777
04227,20.9367,48.6777
04229,20.9367,48.6777
04233,20.9367,48.6777
04234,20.9367,48.6777
04235,20.9367,48.6777
04239,20.9367,48.6777
04240,20.9367,48.6777
04241,20.9367,48.6777
04242,20.9367,48.6777
04244,20.9367,48.6777
04246,20.9367,48.6777
04248,20.9367,48.6777
04249,20.9367,48.6777
04252,20.9367,48.6777
04253,20.9367,48.6777
04254,20.9367,48.6777
04255,20.9367,48.6777
04260,20.9367,48.6777
04261,20.9367,48.6777
04264,20.9367,48.6777
04265,20.9367,48.6777
04271,20.9367,48.6777
04272,20.9367,48.6777
04273,20.9367,48.6777
04274,20.9367,48.6777
04277,20.9367,48.6777
04281,20.9367,48.6777
04282,20.9367,48.6777
04284,20.9367,48.6777
04286,20.9367,48.6777
04287,20.9367,48.6777
04288,20.9367,48.6777
04289,20.9367,48.6777
04290,20.9367,48.6777
04292,20.9367,48.6777
04295,20.9367,48.6777
04296,20.9367,48.6777
04297,20.9367,48.6777
04299,20.9367,48.6777
04300,20.9367,48.6777
04301,20.9367,48.6777
04304,20.9367,48.6777
04305,20.9367,48.6777
04306,20.9367,48.6777
04307,20.9367,48.6777
04309,20.9367,48.6777
04310,20.9367,48.6777
04314,20.9367,48.6777
04315,20.9367,48.6777
04317,20.9367,48.6777
04319,20.9367,48.6777
04320,20.9367,48.6777
04322,20.9367,48.6777
04326,20.9367,48.6777
04327,20.9367,48.6777
04328,20.9367,48.6777
04329,20.9367,48.6777
04332,20.9367,48.6777
04337,20.9367,48.6777
04338,20.9367,48.6777
04339,20.9367,48.6777
04340,20.9367,48.6777
04341,20.9367,48.6777
04343,20.9367,48.6777
04347,20.9367,48.6777
04349,20.9367,48.6777
04351,20.9367,48.6777
04352,20.9367,48.6777
04356,20.9367,48.6777
04357,20.9367,48.6777
04358,20.9367,48.6777
04360,20.9367,48.6777
04365,20.9367,48.6777
04366,20.9367,48.6777
04369,20.9367,48.6777
04370,20.9367,48.6777
04372,20.9367,48.6777
04373,20.9367,48.6777
04374,20.9367,48.6777
04375,20.9367,48.6777
04376,20.9367,48.6777
04377,20.9367,48.6777
04378,20.9367,48.6777
04379,20.9367,48.6777
04386,20.9367,48.6777
04389,20.9367,48.6777
04390,20.9367,48.6777
04391,20.9367,48.6777
04393,20.9367,48.6777
04395,20.9367,48.6777
04396,20.9367,48.6777
04398,20.9367,48.6777
04401,20.9475,48.6103
04402,20.833,48.5993
04405,20.9688,48.5548
04410,21.3099,48.6279
04411,21.3343,48.5755
04412,21.106,48.7303
04413,21.3023,48.6326
04414,21.3037,48.5886
04415,21.3651,48.6239
04416,21.4009,48.6561
04417,21.4772,48.6359
04418,21.5233,48.6314
04419,21.442,48.7091
04420,21.1518,48.7103
04421,21.072,48.6902
04423,21.0097,48.6946
04424,20.9752,48.7117
04425,20.9273,48.7216
04426,20.7909,48.7082
04431,21.2408,48.7922
04441,21.347,48.692
04442,21.3162,48.7682
04443,21.3238,48.7829
04444,21.3153,48.8325
04445,21.4681,48.7932
04447,21.4325,48.8027
04454,21.2332,48.5812
04455,21.1442,48.585
04457,21.2354,48.591
04458,21.2614,48.559
04461,21.0047,48.7534
04465,21.1113,48.8017
04471,21.0628,48.6472
04473,21.0761,48.5322
04474,21.159,48.5324
04481,21.157,48.8599
04501,21.0204,48.596
04523,20.9996,48.6143
04552,20.9996,48.6143
04801,20.4894,48.6578
04803,20.5228,48.6698
04815,20.5228,48.6698
04820,20.5228,48.6698
04840,20.5228,48.6698
04880,20.5228,48.6698
04901,20.0702,48.7488
04902,20.0702,48.7488
04911,20.486,48.5323
04912,20.3782,48.535
04913,20.2967,48.5642
04914,20.2401,48.5835
04916,20.2791,48.5982
04918,20.201,48.6629
04921,20.5081,48.7027
04922,20.4828,48.713
04923,20.3709,48.7446
04924,20.4202,48.7593
04925,20.3699,48.8207
04926,20.2861,48.7904
04931,20.4608,48.6564
04932,20.4052,48.6678
04934,20.3389,48.7669
04935,20.3506,48.6922
04936,20.2822,48.713
04941,20.6121,48.682
04942,20.6218,48.6291
04943,20.6354,48.5824
04944,20.7507,48.6063
04945,20.5792,48.6254
04951,20.4957,48.631
04952,20.5221,48.5555
04955,20.4151,48.532
04961,20.1869,48.6077
04962,20.1916,48.5774
04964,20.0991,48.6188
04971,20.3384,48.8712
04973,20.3795,48.8672
05001,20.0802,48.7159
05062,20.1224,48.7026
05080,20.1224,48.7026
05201,20.5897,48.9092
05205,20.5615,48.9446
05206,20.5463,48.9401
05207,20.5463,48.9401
05219,20.5463,48.9401
05220,20.5463,48.9401
05221,20.5463,48.9401
05224,20.5463,48.9401
05226,20.5463,48.9401
05251,20.5463,48.9401
05263,20.5463,48.9401
05270,20.5463,48.9401
05273,20.5463,48.9401
05275,20.5463,48.9401
05280,20.5463,48.9401
05301,20.5826,48.9619
05302,20.6608,48.96
05303,20.7256,49.0166
05304,20.769,49.0124
05305,20.8376,49.0109
05306,20.7994,49.0238
05311,20.5265,48.9916
05313,20.4648,48.9765
05314,20.4853,49.0197
05315,20.3898,48.9812
05321,20.6725,48.918
05322,20.6628,48.9437
05323,20.7239,48.8842
05331,20.5615,48.9446
05332,20.5745,48.8592
05333,20.6184,48.8658
05334,20.6761,48.7991
05340,20.837,48.881
05342,20.8682,48.9342
05351,20.9414,48.9244
05361,20.842,48.9623
05362,20.7598,48.9487
05363,20.7259,48.9587
05371,20.6873,49.0678
05373,20.8543,49.0721
05375,20.5052,48.8405
05376,20.4301,48.8522
05401,20.5208,49.0268
05411,20.5921,49.0217
05413,20.5921,49.0217
05427,20.5921,49.0217
05428,20.5921,49.0217
05429,20.5921,49.0217
05445,20.5921,49.0217
05450,20.5921,49.0217
05465,20.5921,49.0217
05467,20.5921,49.0217
05468,20.5921,49.0217
05470,20.5921,49.0217
05501,21.012,48.8924
05551,21.0138,48.8561
05552,20.9877,48.8218
05561,20.988,48.8717
05562,20.8961,48.8159
05563,20.8677,48.8307
05564,20.8048,48.8041
05565,20.7736,48.7452
05566,20.6751,48.7059
05571,20.9241,48.8786
05601,20.9371,48.8558
05801,20.298,49.0614
05802,20.3127,49.0458
05806,20.3127,49.0458
05808,20.3127,49.0458
05809,20.3127,49.0458
05827,20.3127,49.0458
05844,20.3127,49.0458
05845,20.3127,49.0458
05852,20.3127,49.0458
05889,20.3127,49.0458
05901,20.4865,49.1898
05902,20.4251,49.2248
05904,20.3503,49.3028
05906,20.4085,49.382
05907,20.3565,49.2344
05911,20.3469,49.0344
05912,20.1956,49.0223
05913,20.4323,49.0174
05914,20.3585,48.9937
05916,20.309,48.9895
05917,20.2706,48.9175
05918,20.2017,48.9968
05919,20.1509,48.9935
05921,20.2069,49.0601
05931,20.1424,49.0515
05934,20.2487,49.046
05935,20.185,49.0761
05936,20.1403,49.0735
05937,20.1405,49.0924
05938,20.0797,49.0591
05939,20.0845,49.0306
05940,20.0888,48.9664
05941,20.0797,49.0591
05942,20.2064,49.0987
05951,20.298,49.0614
05952,20.3046,49.1368
05955,20.2624,49.271
05956,20.1475,49.2675
05960,20.2813,49.1662
05971,20.45,49.1167
05972,20.4611,49.0394
05973,20.3977,49.0832
05976,20.384,49.1672
05978,20.3028,49.3139
05979,20.2272,49.3301
05981,20.2505,49.127
05984,20.1246,49.1185
05985,20.0797,49.0591
05986,20.2674,49.1225
05991,20.2826,49.0933
05992,20.3767,49.115
05993,20.4801,49.2397
05994,20.5254,49.2025
05995,20.4929,49.2641
06001,20.4335,49.1357
06003,20.4112,49.1363
06026,20.4112,49.1363
06042,20.4112,49.1363
06101,20.3596,49.383
06201,20.2439,49.1364
06401,20.6862,49.2986
06427,20.6862,49.2986
06429,20.6862,49.2986
06501,20.6107,49.2965
06502,20.5656,49.3039
06503,20.536,49.2587
06511,20.6835,49.2702
06512,20.6959,49.2481
06522,20.7163,49.414
06531,20.6229,49.3701
06532,20.6146,49.3324
06533,20.5027,49.3735
06534,20.4369,49.3313
06541,20.8612,49.2354
06542,20.9387,49.2965
06543,20.8696,49.2847
06544,20.8423,49.2627
06545,20.8076,49.2916
06546,20.7556,49.318
06548,20.9423,49.2193
06601,21.8554,48.9477
06602,21.8932,48.9352
06603,21.8932,48.9352
06611,21.8932,48.9352
06618,21.8932,48.9352
06622,21.8932,48.9352
06623,21.8932,48.9352
06624,21.8932,48.9352
06627,21.8932,48.9352
06628,21.8932,48.9352
06631,21.8932,48.9352
06637,21.8932,48.9352
06639,21.8932,48.9352
06642,21.8932,48.9352
06643,21.8932,48.9352
06644,21.8932,48.9352
06654,21.8932,48.9352
06657,21.8932,48.9352
06658,21.8932,48.9352
06670,21.8932,48.9352
06680,21.8932,48.9352
06683,21.8932,48.9352
06684,21.8932,48.9352
06701,21.9388,49.1112
06702,21.8477,49.2392
06704,21.8464,49.1538
06711,21.902,49.0233
06712,21.973,49.0333
06713,21.9962,49.1397
06716,22.0401,49.1706
06722,21.8451,48.9953
06723,21.8367,49.0325
06724,21.8009,49.0113
06731,21.9651,48.9756
06732,22.0108,48.9789
06733,22.0601,49.0939
06734,22.1525,49.1407
06735,22.1923,49.1083
06741,21.9393,48.8863
06745,21.8168,48.952
06752,21.8618,49.3246
06761,22.2559,48.9578
06765,22.4014,49.0713
06766,22.3265,49.0385
06767,22.4281,48.9588
06768,22.5149,49.0441
06771,22.3927,48.8994
06772,22.3242,48.9683
06773,22.3584,48.8758
06777,22.1667,48.95
06781,22.1076,48.975
06782,22.0428,48.9436
06783,22.1097,48.9251
06801,21.9007,49.2719
06901,22.1214,49.0377
06903,22.1362,49.0131
06917,22.1362,49.0131
06919,22.1362,49.0131
06923,22.1362,49.0131
06927,22.1362,49.0131
06929,22.1362,49.0131
06934,22.1362,49.0131
06936,22.1362,49.0131
06944,22.1362,49.0131
06950,22.1362,49.0131
07101,21.8736,48.7925
07103,21.8789,48.77
07105,21.8789,48.77
07120,21.8789,48.77
07121,21.8789,48.77
07155,21.8789,48.77
07156,21.8789,48.77
07160,21.8789,48.77
07174,21.8789,48.77
07180,21.8789,48.77
07184,21.8789,48.77
07201,21.8869,48.7064
07202,21.7546,48.7164
07203,21.7851,48.7405
07204,21.8047,48.6982
07205,21.8443,48.6122
07206,21.8524,48.5779
07211,22.0319,48.6973
07213,22.0231,48.6643
07214,22.1003,48.6323
07215,21.9306,48.6322
07216,21.8878,48.6813
07217,21.9215,48.6023
07221,21.8546,48.8189
07222,21.8166,48.8422
07223,21.8932,48.8144
07231,22.0298,48.8136
07232,22.0627,48.8158
07233,22.0848,48.7713
07234,22.0194,48.7523
07236,21.9999,48.8078
07237,21.9253,48.7028
07241,22.1678,48.8278
07242,22.1325,48.7863
07243,22.1028,48.7487
07244,22.1041,48.7081
07251,22.2276,48.6818
07252,22.2092,48.6556
07253,22.1535,48.6288
07254,22.156,48.6032
07255,22.1413,48.6846
07261,22.2586,48.7196
07262,22.2932,48.7159
07263,22.2691,48.7763
07264,22.3008,48.8183
07301,22.1635,48.778
07342,22.1814,48.7445
07501,21.6561,48.6231
07503,21.6561,48.6231
07512,21.6561,48.6231
07515,21.6561,48.6231
07516,21.6561,48.6231
07517,21.6561,48.6231
07518,21.6561,48.6231
07519,21.6561,48.6231
07520,21.6561,48.6231
07521,21.6561,48.6231
07522,21.6561,48.6231
07523,21.6561,48.6231
07525,21.6561,48.6231
07526,21.6561,48.6231
07527,21.6561,48.6231
07529,21.6561,48.6231
07531,21.6561,48.6231
07532,21.6561,48.6231
07534,21.6561,48.6231
07539,21.6561,48.6231
07540,21.6561,48.6231
07542,21.6561,48.6231
07543,21.6561,48.6231
07544,21.6561,48.6231
07545,21.6561,48.6231
07546,21.6561,48.6231
07548,21.6561,48.6231
07549,21.6561,48.6231
07552,21.6561,48.6231
07553,21.6561,48.6231
07554,21.6561,48.6231
07555,21.6561,48.6231
07557,21.6561,48.6231
07558,21.6561,48.6231
07560,21.6561,48.6231
07561,21.6561,48.6231
07562,21.6561,48.6231
07563,21.6561,48.6231
07564,21.6561,48.6231
07566,21.6561,48.6231
07567,21.6561,48.6231
07568,21.6561,48.6231
07571,21.6561,48.6231
07572,21.6561,48.6231
07573,21.6561,48.6231
07574,21.6561,48.6231
07575,21.6561,48.6231
07576,21.6561,48.6231
07577,21.6561,48.6231
07578,21.6561,48.6231
07579,21.6561,48.6231
07580,21.6561,48.6231
07581,21.6561,48.6231
07582,21.6561,48.6231
07585,21.6561,48.6231
07588,21.6561,48.6231
07589,21.6561,48.6231
07590,21.6561,48.6231
07593,21.6561,48.6231
07594,21.6561,48.6231
07595,21.6561,48.6231
07601,21.7241,48.5642
07602,21.7201,48.5135
07603,21.7847,48.545
07605,21.7833,48.5
07612,21.5605,48.5483
07613,21.5855,48.5236
07614,21.6234,48.5159
07615,21.6605,48.5241
07616,21.6702,48.5699
07617,21.6377,48.5821
07622,21.7089,48.6991
07631,21.7542,48.3722
07632,21.7161,48.4256
07633,21.782,48.41
07634,21.7805,48.4137
07635,21.8079,48.4025
07636,21.8059,48.3616
07637,21.8577,48.4637
07641,22.0286,48.4125
07642,22.0886,48.3915
07643,22.0926,48.4447
07651,22.003,48.3929
07652,21.9464,48.3988
07653,21.9605,48.475
07661,21.6686,48.7484
07662,21.7078,48.7309
07664,21.5721,48.6466
07671,22.0272,48.54
07672,21.9514,48.5356
07674,21.9659,48.5932
07675,21.8836,48.5413
07677,22.1407,48.4872
07681,21.6471,48.4633
07682,21.6787,48.469
07683,21.9167,48.4333
07684,21.9903,48.4686
07701,21.9794,48.4234
07713,21.9794,48.4234
07715,21.9794,48.4234
07717,21.9794,48.4234
07721,21.9794,48.4234
07726,21.9794,48.4234
07729,21.9794,48.4234
07732,21.9794,48.4234
07733,21.9794,48.4234
07735,21.9794,48.4234
07737,21.9794,48.4234
07738,21.9794,48.4234
07739,21.9794,48.4234
07741,21.9794,48.4234
07744,21.9794,48.4234
07753,21.9794,48.4234
07754,21.9794,48.4234
07755,21.9794,48.4234
07761,21.9794,48.4234
07767,21.9794,48.4234
07768,21.9794,48.4234
07774,21.9794,48.4234
07781,21.9794,48.4234
07801,21.6174,48.7069
07901,22.1374,48.5667
08001,21.183,49.0099
08002,21.2572,48.9957
08003,21.2572,48.9957
08005,21.3123,48.9898
08006,21.3491,49.0034
08007,21.2572,48.9957
08009,21.2572,48.9957
08010,21.2572,48.9957
08016,21.2572,48.9957
08020,21.2572,48.9957
08021,21.2572,48.9957
08026,21.2572,48.9957
08028,21.2572,48.9957
08042,21.2572,48.9957
08085,21.2572,48.9957
08106,21.2399,49.1402
08108,21.2399,49.1402
08111,21.2399,49.1402
08113,21.2399,49.1402
08127,21.2399,49.1402
08135,21.2399,49.1402
08150,21.2399,49.1402
08154,21.2399,49.1402
08159,21.2399,49.1402
08160,21.2399,49.1402
08170,21.2399,49.1402
08173,21.2399,49.1402
08177,21.2399,49.1402
08178,21.2399,49.1402
08181,21.2399,49.1402
08184,21.2399,49.1402
08186,21.2399,49.1402
08189,21.2399,49.1402
08201,21.2415,48.9249
08203,21.2467,48.8761
08204,21.2738,48.8732
08205,21.3588,48.8556
08206,21.3257,48.8922
08207,21.4312,48.8931
08212,21.4061,49.0447
08213,21.3097,49.089
08214,21.3916,49.0967
08215,21.4381,49.068
08216,21.2866,49.0519
08221,21.1517,49.0432
08222,21.1354,49.0679
08232,21.1305,48.9981
08233,21.0778,48.9884
08235,21.0242,49.0216
08236,20.9534,49.0562
08237,20.9407,48.9979
08238,20.977,48.9641
08241,21.0865,48.9452
08242,21.1877,48.9261
08243,21.1433,48.9156
08244,21.056,48.9267
08252,21.3061,48.9531
08253,21.2605,48.9174
08256,21.0179,49.1726
08257,21.0486,49.1676
08261,21.0606,49.0917
08263,21.0581,49.058
08266,21.1766,49.1123
08267,21.2603,49.1183
08271,20.9292,49.1486
08273,20.8286,49.1678
08274,20.8822,49.1253
08275,20.8505,49.1023
08276,20.8846,49.1608
08301,21.1106,49.1311
08314,21.0988,49.1031
08317,21.0988,49.1031
08318,21.0988,49.1031
08330,21.0988,49.1031
08501,21.2317,49.2837
08503,21.2317,49.2837
08504,21.2317,49.2837
08506,21.2317,49.2837
08519,21.2317,49.2837
08520,21.2317,49.2837
08524,21.2317,49.2837
08536,21.2317,49.2837
08542,21.2317,49.2837
08546,21.2317,49.2837
08550,21.2317,49.2837
08564,21.2317,49.2837
08567,21.2317,49.2837
08569,21.2317,49.2837
08570,21.2317,49.2837
08571,21.2317,49.2837
08573,21.2317,49.2837
08575,21.2317,49.2837
08576,21.2317,49.2837
08587,21.2317,49.2837
08588,21.2317,49.2837
08598,21.2317,49.2837
08601,21.1716,49.3204
08602,21.1197,49.3875
08604,21.1511,49.2935
08605,21.0783,49.2934
08606,21.0537,49.3247
08611,21.3485,49.281
08612,21.4567,49.2694
08614,21.4201,49.3012
08621,21.3621,49.2495
08622,21.2284,49.2324
08631,21.2697,49.3295
08633,21.2754,49.4193
08635,21.3131,49.4197
08636,21.3904,49.3842
08637,21.3336,49.3359
08641,21.3062,49.1897
08642,21.2621,49.1746
08643,21.4038,49.1431
08644,21.4168,49.1217
08645,21.4756,49.1572
08646,21.4051,49.2036
08701,21.4926,49.1202
08901,21.5568,49.2804
08913,21.5703,49.3082
08924,21.5703,49.3082
08980,21.5703,49.3082
09001,21.615,49.3637
09002,21.5706,49.4012
09003,21.6596,49.3084
09005,21.733,49.3274
09011,21.5025,49.3438
09016,21.5307,49.2511
09021,21.6693,49.251
09022,21.688,49.2915
09023,21.8069,49.2242
09024,21.8214,49.296
09031,21.7262,49.1645
09032,21.6063,49.1146
09033,21.6565,49.0997
09034,21.6742,49.1152
09041,21.5808,49.2603
09042,21.5268,49.1707
09101,21.7039,49.223
09112,21.6522,49.2021
09180,21.6522,49.2021
09301,21.6404,48.9199
09302,21.734,48.8764
09303,21.6491,48.8476
09311,21.666,48.8852
09312,21.666,48.8852
09315,21.666,48.8852
09316,21.666,48.8852
09317,21.666,48.8852
09318,21.666,48.8852
09319,21.666,48.8852
09321,21.666,48.8852
09322,21.666,48.8852
09324,21.666,48.8852
09327,21.666,48.8852
09328,21.666,48.8852
09330,21.666,48.8852
09332,21.666,48.8852
09336,21.666,48.8852
09337,21.666,48.8852
09340,21.666,48.8852
09341,21.666,48.8852
09342,21.666,48.8852
09343,21.666,48.8852
09345,21.666,48.8852
09346,21.666,48.8852
09349,21.666,48.8852
09351,21.666,48.8852
09360,21.666,48.8852
09401,21.7726,48.8986
09402,21.7095,48.9509
09403,21.7298,48.9695
09404,21.6936,49.0604
09405,21.7255,49.0177
09406,21.7585,49.0136
09407,21.7924,49.0672
09408,21.7858,49.1723
09409,21.7172,48.8917
09412,21.5758,48.8299
09413,21.694,48.8204
09414,21.6839,48.7824
09415,21.557,48.9014
09421,21.7598,48.8392
09422,21.773,48.8075
09423,21.6434,48.9483
09431,21.4913,49.0698
09433,21.5878,48.9847
09434,21.5429,49.0113
09435,21.5995,48.9278
81000,17.09,48.1504
81002,17.09,48.1504
81004,17.09,48.1504
81005,17.09,48.1504
81007,17.09,48.1504
81008,17.09,48.1504
81101,17.09,48.1504
81102,17.09,48.1504
81103,17.09,48.1504
81104,17.09,48.1504
81105,17.09,48.1504
81106,17.09,48.1504
81107,17.09,48.1504
81108,17.09,48.1504
81109,17.09,48.1504
81201,17.09,48.1504
81202,17.09,48.1504
81203,17.09,48.1504
81204,17.09,48.1504
81205,17.09,48.1504
81206,17.09,48.1504
81207,17.09,48.1504
81208,17.09,48.1504
81209,17.09,48.1504
81210,17.09,48.1504
81211,17.09,48.1504
81212,17.09,48.1504
81213,17.09,48.1504
81214,17.09,48.1504
81215,17.09,48.1504
81216,17.09,48.1504
81217,17.09,48.1504
81218,17.09,48.1504
81219,17.09,48.1504
81220,17.09,48.1504
81221,17.09,48.1504
81222,17.09,48.1504
81223,17.09,48.1504
81224,17.09,48.1504
81225,17.09,48.1504
81226,17.09,48.1504
81227,17.09,48.1504
81228,17.09,48.1504
81229,17.09,48.1504
81230,17.09,48.1504
81231,17.09,48.1504
81232,17.09,48.1504
81233,17.09,48.1504
81234,17.09,48.1504
81235,17.09,48.1504
81236,17.09,48.1504
81237,17.09,48.1504
81238,17.09,48.1504
81239,17.09,48.1504
81241,17.09,48.1504
81242,17.09,48.1504
81243,17.09,48.1504
81244,17.09,48.1504
81245,17.09,48.1504
81246,17.09,48.1504
81247,17.09,48.1504
81248,17.09,48.1504
81249,17.09,48.1504
81250,17.09,48.1504
81251,17.09,48.1504
81252,17.09,48.1504
81253,17.09,48.1504
81254,17.09,48.1504
81255,17.09,48.1504
81256,17.09,48.1504
81257,17.09,48.1504
81258,17.09,48.1504
81259,17.09,48.1504
81260,17.09,48.1504
81261,17.09,48.1504
81262,17.09,48.1504
81263,17.09,48.1504
81264,17.09,48.1504
81265,17.09,48.1504
81266,17.09,48.1504
81267,17.09,48.1504
81268,17.09,48.1504
81269,17.09,48.1504
81270,17.09,48.1504
81271,17.09,48.1504
81272,17.09,48.1504
81273,17.09,48.1504
81274,17.09,48.1504
81275,17.09,48.1504
81276,17.09,48.1504
81277,17.09,48.1504
81278,17.09,48.1504
81279,17.09,48.1504
81280,17.09,48.1504
81281,17.09,48.1504
81282,17.09,48.1504
81283,17.09,48.1504
81284,17.09,48.1504
81285,17.09,48.1504
81286,17.09,48.1504
81287,17.09,48.1504
81288,17.09,48.1504
81289,17.09,48.1504
81290,17.09,48.1504
81291,17.09,48.1504
81292,17.09,48.1504
81293,17.09,48.1504
81294,17.09,48.1504
81295,17.09,48.1504
81296,17.09,48.1504
81301,17.09,48.1504
81302,17.09,48.1504
81303,17.09,48.1504
81304,17.09,48.1504
81305,17.09,48.1504
81306,17.09,48.1504
81307,17.09,48.1504
81308,17.09,48.1504
81309,17.09,48.1504
81310,17.09,48.1504
81311,17.09,48.1504
81312,17.09,48.1504
81313,17.09,48.1504
81314,17.09,48.1504
81315,17.09,48.1504
81316,17.09,48.1504
81317,17.09,48.1504
81318,17.09,48.1504
81319,17.09,48.1504
81320,17.09,48.1504
81321,17.09,48.1504
81322,17.09,48.1504
81323,17.09,48.1504
81324,17.09,48.1504
81325,17.09,48.1504
81326,17.09,48.1504
81327,17.09,48.1504
81328,17.09,48.1504
81330,17.09,48.1504
81331,17.09,48.1504
81332,17.09,48.1504
81333,17.09,48.1504
81334,17.09,48.1504
81335,17.09,48.1504
81336,17.09,48.1504
81337,17.09,48.1504
81338,17.09,48.1504
81339,17.09,48.1504
81340,17.09,48.1504
81341,17.09,48.1504
81342,17.09,48.1504
81343,17.09,48.1504
81344,17.09,48.1504
81345,17.09,48.1504
81346,17.09,48.1504
81347,17.09,48.1504
81348,17.09,48.1504
81349,17.09,48.1504
81350,17.09,48.1504
81351,17.09,48.1504
81352,17.09,48.1504
81353,17.09,48.1504
81354,17.09,48.1504
81355,17.09,48.1504
81356,17.09,48.1504
81357,17.09,48.1504
81358,17.09,48.1504
81359,17.09,48.1504
81360,17.09,48.1504
81361,17.09,48.1504
81362,17.09,48.1504
81363,17.09,48.1504
81364,17.09,48.1504
81365,17.09,48.1504
81366,17.09,48.1504
81367,17.09,48.1504
81368,17.09,48.1504
81369,17.09,48.1504
81370,17.09,48.1504
81371,17.09,48.1504
81372,17.09,48.1504
81373,17.09,48.1504
81374,17.09,48.1504
81375,17.09,48.1504
81376,17.09,48.1504
81377,17.09,48.1504
81378,17.09,48.1504
81379,17.09,48.1504
81380,17.09,48.1504
81381,17.09,48.1504
81382,17.09,48.1504
81383,17.09,48.1504
81384,17.09,48.1504
81385,17.09,48.1504
81386,17.09,48.1504
81387,17.09,48.1504
81388,17.09,48.1504
81392,17.09,48.1504
81394,17.09,48.1504
81395,17.09,48.1504
81396,17.09,48.1504
81400,17.09,48.1504
81401,17.09,48.1504
81402,17.09,48.1504
81403,17.09,48.1504
81404,17.09,48.1504
81405,17.09,48.1504
81406,17.09,48.1504
81407,17.09,48.1504
81408,17.09,48.1504
81409,17.09,48.1504
81410,17.09,48.1504
81411,17.09,48.1504
81412,17.09,48.1504
81413,17.09,48.1504
81414,17.09,48.1504
81415,17.09,48.1504
81416,17.09,48.1504
81417,17.09,48.1504
81418,17.09,48.1504
81419,17.09,48.1504
81420,17.09,48.1504
81421,17.09,48.1504
81422,17.09,48.1504
81423,17.09,48.1504
81424,17.09,48.1504
81425,17.09,48.1504
81426,17.09,48.1504
81427,17.09,48.1504
81428,17.09,48.1504
81429,17.09,48.1504
81430,17.09,48.1504
81431,17.09,48.1504
81432,17.09,48.1504
81433,17.09,48.1504
81434,17.09,48.1504
81435,17.09,48.1504
81436,17.09,48.1504
81437,17.09,48.1504
81438,17.09,48.1504
81439,17.09,48.1504
81440,17.09,48.1504
81441,17.09,48.1504
81442,17.09,48.1504
81444,17.09,48.1504
81445,17.09,48.1504
81446,17.09,48.1504
81447,17.09,48.1504
81448,17.09,48.1504
81449,17.09,48.1504
81450,17.09,48.1504
81451,17.09,48.1504
81452,17.09,48.1504
81453,17.09,48.1504
81454,17.09,48.1504
81455,17.09,48.1504
81456,17.09,48.1504
81457,17.09,48.1504
81458,17.09,48.1504
81459,17.09,48.1504
81460,17.09,48.1504
81461,17.09,48.1504
81462,17.09,48.1504
81463,17.09,48.1504
81464,17.09,48.1504
81465,17.09,48.1504
81466,17.09,48.1504
81467,17.09,48.1504
81468,17.09,48.1504
81469,17.09,48.1504
81470,17.09,48.1504
81471,17.09,48.1504
81472,17.09,48.1504
81473,17.09,48.1504
81474,17.09,48.1504
81475,17.09,48.1504
81477,17.09,48.1504
81478,17.09,48.1504
81479,17.09,48.1504
81480,17.09,48.1504
81481,17.09,48.1504
81482,17.09,48.1504
81483,17.09,48.1504
81484,17.09,48.1504
81485,17.09,48.1504
81486,17.09,48.1504
81487,17.09,48.1504
81488,17.09,48.1504
81490,17.09,48.1504
81491,17.09,48.1504
81492,17.09,48.1504
81493,17.09,48.1504
81494,17.09,48.1504
81495,17.09,48.1504
81496,17.09,48.1504
81499,17.09,48.1504
81501,17.09,48.1504
81502,17.09,48.1504
81503,17.09,48.1504
81504,17.09,48.1504
81505,17.09,48.1504
81506,17.09,48.1504
81507,17.09,48.1504
81508,17.09,48.1504
81509,17.09,48.1504
81510,17.09,48.1504
81511,17.09,48.1504
81512,17.09,48.1504
81513,17.09,48.1504
81514,17.09,48.1504
81515,17.09,48.1504
81516,17.09,48.1504
81517,17.09,48.1504
81518,17.09,48.1504
81519,17.09,48.1504
81520,17.09,48.1504
81521,17.09,48.1504
81522,17.09,48.1504
81523,17.09,48.1504
81524,17.09,48.1504
81525,17.09,48.1504
81526,17.09,48.1504
81527,17.09,48.1504
81528,17.09,48.1504
81529,17.09,48.1504
81530,17.09,48.1504
81531,17.09,48.1504
81532,17.09,48.1504
81533,17.09,48.1504
81534,17.09,48.1504
81535,17.09,48.1504
81536,17.09,48.1504
81537,17.09,48.1504
81538,17.09,48.1504
81539,17.09,48.1504
81540,17.09,48.1504
81541,17.09,48.1504
81542,17.09,48.1504
81543,17.09,48.1504
81544,17.09,48.1504
81545,17.09,48.1504
81546,17.09,48.1504
81547,17.09,48.1504
81548,17.09,48.1504
81549,17.09,48.1504
81550,17.09,48.1504
81551,17.09,48.1504
81552,17.09,48.1504
81553,17.09,48.1504
81555,17.09,48.1504
81556,17.09,48.1504
81557,17.09,48.1504
81558,17.09,48.1504
81559,17.09,48.1504
81561,17.09,48.1504
81562,17.09,48.1504
81563,17.09,48.1504
81565,17.09,48.1504
81566,17.09,48.1504
81567,17.09,48.1504
81568,17.09,48.1504
81569,17.09,48.1504
81570,17.09,48.1504
81571,17.09,48.1504
81572,17.09,48.1504
81573,17.09,48.1504
81574,17.09,48.1504
81575,17.09,48.1504
81576,17.09,48.1504
81577,17.09,48.1504
81578,17.09,48.1504
81579,17.09,48.1504
81580,17.09,48.1504
81582,17.09,48.1504
81583,17.09,48.1504
81584,17.09,48.1504
81585,17.09,48.1504
81586,17.09,48.1504
81587,17.09,48.1504
81588,17.09,48.1504
81589,17.09,48.1504
81590,17.09,48.1504
81591,17.09,48.1504
81592,17.09,48.1504
81593,17.09,48.1504
81594,17.09,48.1504
81595,17.09,48.1504
81596,17.09,48.1504
81601,17.09,48.1504
81602,17.09,48.1504
81603,17.09,48.1504
81604,17.09,48.1504
81605,17.09,48.1504
81606,17.09,48.1504
81607,17.09,48.1504
81608,17.09,48.1504
81609,17.09,48.1504
81610,17.09,48.1504
81611,17.09,48.1504
81612,17.09,48.1504
81613,17.09,48.1504
81614,17.09,48.1504
81615,17.09,48.1504
81616,17.09,48.1504
81617,17.09,48.1504
81618,17.09,48.1504
81619,17.09,48.1504
81620,17.09,48.1504
81621,17.09,48.1504
81622,17.09,48.1504
81623,17.09,48.1504
81624,17.09,48.1504
81625,17.09,48.1504
81626,17.09,48.1504
81627,17.09,48.1504
81628,17.09,48.1504
81629,17.09,48.1504
81630,17.09,48.1504
81631,17.09,48.1504
81632,17.09,48.1504
81633,17.09,48.1504
81634,17.09,48.1504
81635,17.09,48.1504
81636,17.09,48.1504
81637,17.09,48.1504
81638,17.09,48.1504
81639,17.09,48.1504
81640,17.09,48.1504
81641,17.09,48.1504
81642,17.09,48.1504
81643,17.09,48.1504
81644,17.09,48.1504
81645,17.09,48.1504
81646,17.09,48.1504
81647,17.09,48.1504
81648,17.09,48.1504
81702,17.09,48.1504
81704,17.09,48.1504
81711,17.09,48.1504
81715,17.09,48.1504
81753,17.09,48.1504
81755,17.09,48.1504
81762,17.09,48.1504
81773,17.09,48.1504
81777,17.09,48.1504
81778,17.09,48.1504
81780,17.09,48.1504
81782,17.09,48.1504
81785,17.09,48.1504
81787,17.09,48.1504
81789,17.09,48.1504
81795,17.09,48.1504
81796,17.09,48.1504
81798,17.09,48.1504
81802,17.09,48.1504
81809,17.09,48.1504
81811,17.09,48.1504
81901,17.09,48.1504
81944,17.09,48.1504
82002,17.2087,48.1383
82004,17.2087,48.1383
82005,17.2087,48.1383
82007,17.2087,48.1383
82008,17.2087,48.1383
82009,17.2087,48.1383
82011,17.2087,48.1383
82012,17.2087,48.1383
82013,17.2087,48.1383
82014,17.2087,48.1383
82015,17.2087,48.1383
82016,17.2087,48.1383
82017,17.2087,48.1383
82018,17.2087,48.1383
82101,17.1564,48.1555
82102,17.162,48.1612
82103,17.1655,48.1559
82104,17.1678,48.1715
82105,17.1708,48.146
82106,17.2088,48.1283
82107,17.2088,48.1345
82108,17.1332,48.1533
82109,17.1411,48.1481
82201,17.2087,48.1383
82202,17.2087,48.1383
82204,17.2087,48.1383
82208,17.2087,48.1383
82210,17.2087,48.1383
82211,17.2087,48.1383
82303,17.2087,48.1383
82305,17.2087,48.1383
82307,17.2087,48.1383
82309,17.2087,48.1383
82311,17.2087,48.1383
82352,17.2087,48.1383
82353,17.2087,48.1383
82355,17.2087,48.1383
82361,17.2087,48.1383
82362,17.2087,48.1383
82365,17.2087,48.1383
82375,17.2087,48.1383
82405,17.2087,48.1383
82410,17.2087,48.1383
82412,17.2087,48.1383
82419,17.2087,48.1383
82420,17.2087,48.1383
82451,17.2087,48.1383
82452,17.2087,48.1383
82453,17.2087,48.1383
82454,17.2087,48.1383
82456,17.2087,48.1383
82457,17.2087,48.1383
82459,17.2087,48.1383
82460,17.2087,48.1383
82463,17.2087,48.1383
82466,17.2087,48.1383
82467,17.2087,48.1383
82469,17.2087,48.1383
82470,17.2087,48.1383
82472,17.2087,48.1383
82473,17.2087,48.1383
82475,17.2087,48.1383
82476,17.2087,48.1383
82477,17.2087,48.1383
82480,17.2087,48.1383
82484,17.2087,48.1383
82489,17.2087,48.1383
82490,17.2087,48.1383
82491,17.2087,48.1383
82492,17.2087,48.1383
82494,17.2087,48.1383
82496,17.2087,48.1383
82497,17.2087,48.1383
82503,17.2087,48.1383
82508,17.2087,48.1383
82510,17.2087,48.1383
82511,17.2087,48.1383
82513,17.2087,48.1383
82518,17.2087,48.1383
82519,17.2087,48.1383
82521,17.2087,48.1383
82556,17.2087,48.1383
82561,17.2087,48.1383
82562,17.2087,48.1383
82563,17.2087,48.1383
82601,17.2087,48.1383
82603,17.2087,48.1383
82604,17.2087,48.1383
82605,17.2087,48.1383
82609,17.2087,48.1383
82616,17.2087,48.1383
82617,17.2087,48.1383
82625,17.2087,48.1383
82629,17.2087,48.1383
82633,17.2087,48.1383
82637,17.2087,48.1383
82638,17.2087,48.1383
82643,17.2087,48.1383
82646,17.2087,48.1383
82648,17.2087,48.1383
82656,17.2087,48.1383
82662,17.2087,48.1383
82664,17.2087,48.1383
82673,17.2087,48.1383
82686,17.2087,48.1383
82701,17.2087,48.1383
82702,17.2087,48.1383
82703,17.2087,48.1383
82704,17.2087,48.1383
82705,17.2087,48.1383
82706,17.2087,48.1383
82707,17.2087,48.1383
82708,17.2087,48.1383
82709,17.2087,48.1383
82710,17.2087,48.1383
82711,17.2087,48.1383
82712,17.2087,48.1383
82713,17.2087,48.1383
82714,17.2087,48.1383
82715,17.2087,48.1383
82718,17.2087,48.1383
82719,17.2087,48.1383
82720,17.2087,48.1383
82725,17.2087,48.1383
82729,17.2087,48.1383
82734,17.2087,48.1383
82745,17.2087,48.1383
82749,17.2087,48.1383
82752,17.2087,48.1383
82757,17.2087,48.1383
82758,17.2087,48.1383
82761,17.2087,48.1383
82764,17.2087,48.1383
82770,17.2087,48.1383
82851,17.2087,48.1383
82855,17.2087,48.1383
82902,17.2087,48.1383
82904,17.2087,48.1383
82905,17.2087,48.1383
82924,17.2087,48.1383
82948,17.2087,48.1383
82974,17.2087,48.1383
82975,17.2087,48.1383
82990,17.2087,48.1383
83000,17.179,48.2094
83001,17.179,48.2094
83002,17.179,48.2094
83003,17.179,48.2094
83004,17.179,48.2094
83005,17.179,48.2094
83008,17.179,48.2094
83101,17.1029,48.1677
83102,17.1248,48.1739
83103,17.134,48.1696
83104,17.1434,48.1683
83106,17.1504,48.2132
83107,17.2076,48.2056
83151,17.179,48.2094
83152,17.179,48.2094
83153,17.179,48.2094
83154,17.179,48.2094
83201,17.179,48.2094
83203,17.179,48.2094
83205,17.179,48.2094
83206,17.179,48.2094
83210,17.179,48.2094
83211,17.179,48.2094
83214,17.179,48.2094
83215,17.179,48.2094
83217,17.179,48.2094
83218,17.179,48.2094
83225,17.179,48.2094
83227,17.179,48.2094
83228,17.179,48.2094
83229,17.179,48.2094
83232,17.179,48.2094
83234,17.179,48.2094
83236,17.179,48.2094
83237,17.179,48.2094
83238,17.179,48.2094
83239,17.179,48.2094
83240,17.179,48.2094
83242,17.179,48.2094
83245,17.179,48.2094
83247,17.179,48.2094
83248,17.179,48.2094
83250,17.179,48.2094
83252,17.179,48.2094
83253,17.179,48.2094
83254,17.179,48.2094
83255,17.179,48.2094
83256,17.179,48.2094
83257,17.179,48.2094
83259,17.179,48.2094
83262,17.179,48.2094
83264,17.179,48.2094
83265,17.179,48.2094
83266,17.179,48.2094
83268,17.179,48.2094
83270,17.179,48.2094
83271,17.179,48.2094
83272,17.179,48.2094
83273,17.179,48.2094
83275,17.179,48.2094
83277,17.179,48.2094
83280,17.179,48.2094
83283,17.179,48.2094
83284,17.179,48.2094
83290,17.179,48.2094
83291,17.179,48.2094
83292,17.179,48.2094
83296,17.179,48.2094
83298,17.179,48.2094
83302,17.179,48.2094
83303,17.179,48.2094
83304,17.179,48.2094
83305,17.179,48.2094
83306,17.179,48.2094
83310,17.179,48.2094
83312,17.179,48.2094
83314,17.179,48.2094
83315,17.179,48.2094
83316,17.179,48.2094
83318,17.179,48.2094
83320,17.179,48.2094
83324,17.179,48.2094
83329,17.179,48.2094
83331,17.179,48.2094
83332,17.179,48.2094
83334,17.179,48.2094
83336,17.179,48.2094
83339,17.179,48.2094
83340,17.179,48.2094
83345,17.179,48.2094
83348,17.179,48.2094
83350,17.179,48.2094
83351,17.179,48.2094
83353,17.179,48.2094
83358,17.179,48.2094
83372,17.179,48.2094
83374,17.179,48.2094
83391,17.179,48.2094
83401,17.179,48.2094
83403,17.179,48.2094
83404,17.179,48.2094
83413,17.179,48.2094
83414,17.179,48.2094
83415,17.179,48.2094
83506,17.179,48.2094
83509,17.179,48.2094
83515,17.179,48.2094
83517,17.179,48.2094
83518,17.179,48.2094
83526,17.179,48.2094
83554,17.179,48.2094
83602,17.179,48.2094
83603,17.179,48.2094
83604,17.179,48.2094
83605,17.179,48.2094
83607,17.179,48.2094
83609,17.179,48.2094
83611,17.179,48.2094
83614,17.179,48.2094
83710,17.179,48.2094
83752,17.179,48.2094
83753,17.179,48.2094
83756,17.179,48.2094
83762,17.179,48.2094
83763,17.179,48.2094
83784,17.179,48.2094
83796,17.179,48.2094
83808,17.179,48.2094
83810,17.179,48.2094
83902,17.179,48.2094
83904,17.179,48.2094
83906,17.179,48.2094
83907,17.179,48.2094
83908,17.179,48.2094
83909,17.179,48.2094
83910,17.179,48.2094
83911,17.179,48.2094
83912,17.179,48.2094
83913,17.179,48.2094
83914,17.179,48.2094
83915,17.179,48.2094
83916,17.179,48.2094
83919,17.179,48.2094
83920,17.179,48.2094
83921,17.179,48.2094
83922,17.179,48.2094
83923,17.179,48.2094
83925,17.179,48.2094
83926,17.179,48.2094
83929,17.179,48.2094
83930,17.179,48.2094
83932,17.179,48.2094
83934,17.179,48.2094
83936,17.179,48.2094
83938,17.179,48.2094
83939,17.179,48.2094
83941,17.179,48.2094
83943,17.179,48.2094
83949,17.179,48.2094
83950,17.179,48.2094
83961,17.179,48.2094
83962,17.179,48.2094
83964,17.179,48.2094
84000,17.0369,48.1791
84001,17.0369,48.1791
84002,17.0369,48.1791
84004,17.0369,48.1791
84005,17.0369,48.1791
84006,17.0369,48.1791
84007,17.0369,48.1791
84008,17.0369,48.1791
84011,17.0369,48.1791
84101,17.0352,48.1887
84102,17.0352,48.1887
84103,17.053,48.1905
84104,17.0552,48.1534
84105,17.0552,48.1534
84106,17.0382,48.2411
84107,16.9777,48.2141
84108,16.9827,48.2087
84110,16.9842,48.1744
84202,17.0369,48.1791
84208,17.0369,48.1791
84211,17.0369,48.1791
84213,17.0369,48.1791
84214,17.0369,48.1791
84215,17.0369,48.1791
84216,17.0369,48.1791
84217,17.0369,48.1791
84220,17.0369,48.1791
84221,17.0369,48.1791
84227,17.0369,48.1791
84229,17.0369,48.1791
84231,17.0369,48.1791
84237,17.0369,48.1791
84240,17.0369,48.1791
84244,17.0369,48.1791
84247,17.0369,48.1791
84248,17.0369,48.1791
84252,17.0369,48.1791
84253,17.0369,48.1791
84255,17.0369,48.1791
84258,17.0369,48.1791
84262,17.0369,48.1791
84264,17.0369,48.1791
84302,17.0369,48.1791
84353,17.0369,48.1791
84355,17.0369,48.1791
84356,17.0369,48.1791
84401,17.0369,48.1791
84402,17.0369,48.1791
84403,17.0369,48.1791
84404,17.0369,48.1791
84408,17.0369,48.1791
84410,17.0369,48.1791
84411,17.0369,48.1791
84412,17.0369,48.1791
84413,17.0369,48.1791
84415,17.0369,48.1791
84416,17.0369,48.1791
84417,17.0369,48.1791
84418,17.0369,48.1791
84419,17.0369,48.1791
84420,17.0369,48.1791
84422,17.0369,48.1791
84423,17.0369,48.1791
84424,17.0369,48.1791
84425,17.0369,48.1791
84437,17.0369,48.1791
84453,17.0369,48.1791
84454,17.0369,48.1791
84501,17.0369,48.1791
84502,17.0369,48.1791
84503,17.0369,48.1791
84504,17.0369,48.1791
84505,17.0369,48.1791
84506,17.0369,48.1791
84507,17.0369,48.1791
84508,17.0369,48.1791
84510,17.0369,48.1791
84511,17.0369,48.1791
84512,17.0369,48.1791
84513,17.0369,48.1791
84515,17.0369,48.1791
84517,17.0369,48.1791
84519,17.0369,48.1791
84521,17.0369,48.1791
84523,17.0369,48.1791
84524,17.0369,48.1791
84525,17.0369,48.1791
84527,17.0369,48.1791
84529,17.0369,48.1791
84530,17.0369,48.1791
84532,17.0369,48.1791
84533,17.0369,48.1791
84535,17.0369,48.1791
84536,17.0369,48.1791
84538,17.0369,48.1791
84541,17.0369,48.1791
84543,17.0369,48.1791
84545,17.0369,48.1791
84546,17.0369,48.1791
84551,17.0369,48.1791
85000,17.1722,48.0427
85002,17.1722,48.0427
85003,17.1722,48.0427
85005,17.1722,48.0427
85007,17.1722,48.0427
85101,17.1006,48.1238
85102,17.1722,48.0427
85103,17.1722,48.0427
85104,17.1246,48.1225
85105,17.1722,48.0427
85106,17.1722,48.0427
85107,17.1193,48.0939
85110,17.1153,48.066
85200,17.1722,48.0427
85201,17.1722,48.0427
85205,17.1722,48.0427
85206,17.1722,48.0427
85209,17.1722,48.0427
85210,17.1722,48.0427
85223,17.1722,48.0427
85226,17.1722,48.0427
85227,17.1722,48.0427
85228,17.1722,48.0427
85235,17.1722,48.0427
85238,17.1722,48.0427
85240,17.1722,48.0427
85241,17.1722,48.0427
85242,17.1722,48.0427
85245,17.1722,48.0427
85250,17.1722,48.0427
85255,17.1722,48.0427
85258,17.1722,48.0427
85260,17.1722,48.0427
85264,17.1722,48.0427
85267,17.1722,48.0427
85269,17.1722,48.0427
85271,17.1722,48.0427
85274,17.1722,48.0427
85283,17.1722,48.0427
85289,17.1722,48.0427
85292,17.1722,48.0427
85307,17.1722,48.0427
85308,17.1722,48.0427
85318,17.1722,48.0427
85401,17.1722,48.0427
85404,17.1722,48.0427
85405,17.1722,48.0427
90001,17.3071,48.334
90021,17.2154,48.2522
90023,17.3023,48.2719
90024,17.3608,48.2133
90025,17.2909,48.2279
90026,17.2743,48.2576
90027,17.3019,48.2007
90028,17.2554,48.1867
90029,17.3554,48.1839
90031,17.0317,48.2747
90032,17.0858,48.2621
90033,17.064,48.249
90041,17.2363,48.0978
90042,17.3,48.1059
90043,17.2535,48.0598
90044,17.3663,48.1583
90045,17.2968,48.1545
90046,17.2709,48.142
90050,17.4476,48.1973
90051,16.9833,48.3167
90052,17.1573,48.406
90053,17.1442,48.3669
90054,17.0995,48.3475
90055,17.0432,48.3336
90061,16.9333,48.4667
90062,16.9833,48.45
90063,16.9333,48.4167
90064,16.8667,48.4
90065,16.8488,48.3807
90066,16.9119,48.3294
90067,16.9833,48.3667
90068,16.9986,48.3751
90081,17.3496,48.2982
90082,17.4192,48.2666
90083,17.4787,48.2705
90084,17.4623,48.2854
90085,17.3994,48.3334
90086,17.3972,48.3843
90088,17.3757,48.4161
90089,17.3315,48.3909
90090,17.3397,48.3668
90091,17.2234,48.2897
90101,17.0219,48.436
90119,17.0219,48.436
90120,17.0219,48.436
90126,17.0219,48.436
90201,17.2904,48.3114
90203,17.2666,48.2899
90204,17.2746,48.297
90214,17.2746,48.297
90215,17.2746,48.297
90218,17.2746,48.297
90226,17.2746,48.297
90301,17.3894,48.1913
90312,17.4004,48.2195
90501,17.367,48.6792
90503,17.3715,48.6968
90508,17.3715,48.6968
90511,17.3715,48.6968
90515,17.3715,48.6968
90525,17.3715,48.6968
90526,17.3715,48.6968
90528,17.3715,48.6968
90529,17.3715,48.6968
90530,17.3715,48.6968
90531,17.3715,48.6968
90532,17.3715,48.6968
90535,17.3715,48.6968
90540,17.3715,48.6968
90545,17.3715,48.6968
90547,17.3715,48.6968
90580,17.3715,48.6968
90591,17.3715,48.6968
90602,17.2543,48.6775
90603,17.2818,48.7041
90604,17.3528,48.7483
90605,17.4073,48.7351
90606,17.469,48.7995
90607,17.2676,48.6543
90611,17.4415,48.6741
90612,17.44,48.6242
90613,17.539,48.6635
90614,17.4967,48.6981
90615,17.5818,48.6953
90621,17.6,48.75
90622,17.6191,48.7755
90623,17.6393,48.7577
90631,17.4068,48.6592
90632,17.4217,48.606
90633,17.3899,48.581
90634,17.3492,48.5568
90635,17.3047,48.5089
90636,17.2573,48.486
90637,17.2307,48.4652
90638,17.1676,48.4568
90645,17.201,48.6792
90701,17.5888,48.7932
90703,17.5746,48.782
90713,17.5746,48.782
90714,17.5746,48.782
90801,17.0282,48.66
90841,17.1453,48.6372
90842,17.1302,48.6752
90843,17.0913,48.6551
90844,17.1619,48.7194
90845,17.1163,48.718
90846,17.2145,48.7252
90847,17.1958,48.7514
90848,17.1135,48.7872
90849,17.1699,48.8303
90851,17.1624,48.8111
90861,17.2203,48.7852
90862,17.2462,48.7738
90863,17.2812,48.7719
90864,17.3182,48.7742
90865,17.2442,48.8128
90871,17.0022,48.5916
90872,17.0303,48.5449
90873,17.0036,48.504
90874,16.9833,48.5
90875,17.1373,48.5265
90876,17.1854,48.5769
90877,17.2381,48.5857
90878,17.0726,48.639
90879,17.0466,48.6137
90880,17.0038,48.601
90885,17.0145,48.6909
90901,17.2264,48.8449
90903,17.2264,48.8449
90982,17.2264,48.8449
91101,18.0444,48.8945
91103,18.0457,48.8986
91104,18.0457,48.8986
91105,18.0498,48.9109
91106,18.0444,48.8945
91108,18.0444,48.8945
91127,18.0457,48.8986
91132,18.0457,48.8986
91133,18.0457,48.8986
91137,18.0457,48.8986
91138,18.0457,48.8986
91142,18.0457,48.8986
91149,18.0457,48.8986
91150,18.0457,48.8986
91152,18.0457,48.8986
91162,18.0457,48.8986
91164,18.0457,48.8986
91167,18.0457,48.8986
91169,18.0457,48.8986
91171,18.0457,48.8986
91179,18.0457,48.8986
91180,18.0457,48.8986
91182,18.0457,48.8986
91196,18.0457,48.8986
91250,17.7792,48.6432
91303,17.952,48.8942
91304,17.9359,48.871
91305,17.9075,48.8301
91307,17.8335,48.84
91308,17.7902,48.8866
91311,17.9856,48.8365
91321,18.0197,48.8514
91322,18.1085,48.8013
91323,18.1113,48.7612
91324,18.195,48.778
91325,18.1914,48.806
91326,18.1805,48.8309
91331,18.0704,48.9264
91332,18.0379,48.9341
91333,17.9771,48.9729
91336,17.9908,48.784
91338,18.0726,48.8644
91401,18.1174,48.9365
91441,18.1189,48.967
91442,18.1001,48.9918
91443,18.2971,48.9121
91451,18.1669,48.9106
91501,17.8309,48.7576
91503,17.8309,48.7576
91515,17.8309,48.7576
91517,17.8309,48.7576
91519,17.8309,48.7576
91524,17.8309,48.7576
91528,17.8309,48.7576
91531,17.8309,48.7576
91532,17.8309,48.7576
91541,17.8309,48.7576
91601,17.6943,48.7772
91611,17.7635,48.7817
91612,17.7356,48.7845
91613,17.7216,48.7404
91614,17.6667,48.75
91616,17.6664,48.6787
91621,17.787,48.7123
91622,17.7658,48.6529
91623,17.8014,48.6498
91624,17.8428,48.6564
91625,17.8533,48.6741
91626,17.846,48.7143
91627,17.7862,48.6921
91631,17.8875,48.7442
91632,17.8924,48.7207
91633,17.8802,48.6573
91635,17.9804,48.6576
91637,17.9219,48.7632
91638,17.8932,48.7922
91641,17.8206,48.8022
91642,17.7953,48.8193
91701,17.5872,48.3774
91702,17.5872,48.3774
91703,17.5872,48.3774
91705,17.5872,48.3774
91708,17.5872,48.3774
91710,17.5872,48.3774
91721,17.5872,48.3774
91722,17.5872,48.3774
91723,17.5872,48.3774
91724,17.5872,48.3774
91725,17.5872,48.3774
91727,17.5872,48.3774
91732,17.5872,48.3774
91738,17.5872,48.3774
91742,17.5872,48.3774
91743,17.5872,48.3774
91744,17.5872,48.3774
91746,17.5872,48.3774
91747,17.5872,48.3774
91748,17.5872,48.3774
91750,17.5872,48.3774
91751,17.5872,48.3774
91754,17.5872,48.3774
91756,17.5872,48.3774
91758,17.5872,48.3774
91760,17.5872,48.3774
91761,17.5872,48.3774
91765,17.5872,48.3774
91766,17.5872,48.3774
91767,17.5872,48.3774
91768,17.5872,48.3774
91771,17.5872,48.3774
91774,17.5872,48.3774
91775,17.5872,48.3774
91777,17.5872,48.3774
91780,17.5872,48.3774
91781,17.5872,48.3774
91783,17.5872,48.3774
91785,17.5872,48.3774
91787,17.5872,48.3774
91792,17.5872,48.3774
91795,17.5872,48.3774
91797,17.5872,48.3774
91799,17.5872,48.3774
91810,17.7792,48.6432
91820,17.7792,48.6432
91822,17.7792,48.6432
91825,17.7792,48.6432
91827,17.7792,48.6432
91830,17.7792,48.6432
91831,17.7792,48.6432
91840,17.7792,48.6432
91842,17.7792,48.6432
91843,17.7792,48.6432
91844,17.7792,48.6432
91864,17.7792,48.6432
91865,17.7792,48.6432
91870,17.7792,48.6432
91871,17.7792,48.6432
91901,17.4275,48.4121
91902,17.4294,48.4397
91903,17.441,48.4674
91904,17.399,48.482
91905,17.4657,48.5268
91907,17.4807,48.5042
91908,17.4948,48.4681
91909,17.5447,48.43
91910,17.397,48.5432
91921,17.5954,48.329
91922,17.6303,48.2846
91923,17.6497,48.317
91924,17.6667,48.3333
91925,17.7186,48.3312
91926,17.6738,48.3528
91927,17.6881,48.3883
91928,17.6972,48.4158
91929,17.675,48.4501
91930,17.634,48.4973
91932,17.6438,48.3021
91933,17.7116,48.4393
91934,17.5304,48.3675
91935,17.5677,48.3426
91942,17.5338,48.2922
91943,17.4899,48.3175
91951,17.6074,48.4402
91952,17.6102,48.4917
91953,17.5967,48.5469
91954,17.5385,48.5972
91955,17.6099,48.5243
91961,17.4911,48.3718
91965,17.5327,48.5345
92001,17.8031,48.4317
92003,17.8031,48.4317
92010,17.8217,48.4325
92011,17.8217,48.4325
92012,17.8217,48.4325
92014,17.8217,48.4325
92019,17.8217,48.4325
92026,17.8217,48.4325
92027,17.8217,48.4325
92028,17.8217,48.4325
92029,17.8217,48.4325
92041,17.7646,48.4457
92042,17.718,48.461
92052,17.7597,48.3856
92055,17.7978,48.3901
92056,17.7926,48.3514
92061,17.9043,48.4402
92062,17.8794,48.4912
92063,17.8781,48.4263
92064,17.8712,48.3898
92065,17.8493,48.3712
92066,17.8689,48.4681
92101,17.8259,48.5948
92106,17.8407,48.5901
92112,17.8407,48.5901
92115,17.8407,48.5901
92116,17.8407,48.5901
92119,17.8407,48.5901
92121,17.8407,48.5901
92122,17.8407,48.5901
92125,17.8407,48.5901
92126,17.8407,48.5901
92128,17.8407,48.5901
92129,17.8407,48.5901
92145,17.8407,48.5901
92147,17.8407,48.5901
92149,17.8407,48.5901
92159,17.8407,48.5901
92163,17.8407,48.5901
92168,17.8407,48.5901
92169,17.8407,48.5901
92171,17.8407,48.5901
92172,17.8407,48.5901
92177,17.8407,48.5901
92179,17.8407,48.5901
92180,17.8407,48.5901
92201,17.7883,48.6188
92202,17.7523,48.612
92203,17.6801,48.6012
92204,17.6589,48.6017
92205,17.6231,48.5691
92206,17.6504,48.5329
92207,17.7202,48.4849
92208,17.7331,48.5281
92209,17.7456,48.5725
92210,17.7515,48.5965
92211,17.6873,48.6515
92221,17.8847,48.6179
92231,17.8275,48.5094
92241,17.8029,48.5159
92242,17.7803,48.4772
92401,17.7189,48.2291
92414,17.7232,48.2096
92418,17.7232,48.2096
92419,17.7232,48.2096
92422,17.7232,48.2096
92423,17.7232,48.2096
92425,17.7232,48.2096
92427,17.7232,48.2096
92429,17.7232,48.2096
92436,17.7232,48.2096
92441,17.7232,48.2096
92452,17.7232,48.2096
92457,17.7232,48.2096
92481,17.7232,48.2096
92501,17.7318,48.1684
92502,17.7817,48.1072
92503,17.7589,48.1231
92504,17.6915,48.0844
92505,17.6881,48.1058
92506,17.6515,48.129
92507,17.6763,48.1401
92508,17.6532,48.1473
92509,17.6576,48.1699
92521,17.6385,48.2014
92522,17.5752,48.1665
92523,17.5113,48.1454
92526,17.4286,48.2381
92527,17.4961,48.2497
92528,17.5739,48.2315
92532,17.6899,48.2415
92541,17.8281,48.0602
92542,17.8084,48.0145
92545,17.6394,48.2604
92551,17.7583,48.2836
92552,17.8166,48.2537
92553,17.823,48.2775
92554,17.8133,48.3362
92555,17.7667,48.3
92562,17.7854,48.2492
92563,17.7499,48.2691
92571,17.931,48.1493
92572,17.9643,48.0958
92581,17.842,48.1345
92582,17.8519,48.1061
92583,17.8867,48.0723
92584,17.9521,48.031
92585,17.9618,48.0212
92591,17.8422,48.1692
92592,17.7842,48.1862
92601,17.7333,48.2912
92614,17.7333,48.2912
92621,17.7333,48.2912
92701,17.8806,48.1513
92703,17.8752,48.1581
92705,17.8643,48.1719
92714,17.8752,48.1581
92715,17.8752,48.1581
92719,17.8752,48.1581
92901,17.6523,47.8754
92904,17.6553,47.9584
92912,17.6553,47.9584
92913,17.6553,47.9584
92916,17.6553,47.9584
92921,17.6553,47.9584
92924,17.6553,47.9584
92927,17.6553,47.9584
92931,17.6553,47.9584
92936,17.6553,47.9584
92946,17.6553,47.9584
92948,17.6553,47.9584
92963,17.6553,47.9584
92971,17.6553,47.9584
93001,17.5764,48.0037
93002,17.5292,48.0042
93003,17.5506,47.9853
93004,17.5217,47.9076
93005,17.5788,47.8921
93006,17.6125,47.8336
93007,17.7201,47.7981
93008,17.6961,47.8345
93010,17.7573,47.9093
93011,17.7902,47.9675
93012,17.7,47.9833
93013,17.751,48.0112
93014,17.6881,47.9659
93016,17.5859,48.0181
93021,17.7015,48.043
93025,17.6011,47.9429
93028,17.8087,47.8876
93030,17.3742,48.0026
93031,17.4595,47.9232
93032,17.4048,48.0138
93033,17.4627,47.9483
93034,17.4818,47.993
93035,17.4233,48.0272
93036,17.4904,48.0389
93037,17.4634,48.0558
93038,17.459,48.1154
93039,17.4207,48.122
93040,17.3539,48.0992
93041,17.3833,48.0667
93051,17.4057,48.0406
93052,17.5131,48.0908
93101,17.3097,48.0301
93103,17.3097,48.0301
93201,17.7688,47.858
93215,17.7688,47.858
93401,18.6753,48.2135
93405,18.607,48.2156
93411,18.6466,48.2152
93413,18.6466,48.2152
93417,18.6466,48.2152
93427,18.6466,48.2152
93429,18.6466,48.2152
93430,18.6466,48.2152
93431,18.6466,48.2152
93432,18.6466,48.2152
93438,18.6466,48.2152
93439,18.6466,48.2152
93440,18.6466,48.2152
93447,18.6466,48.2152
93448,18.6466,48.2152
93452,18.6466,48.2152
93456,18.6466,48.2152
93461,18.6466,48.2152
93468,18.6466,48.2152
93502,18.75,48.2667
93503,18.6969,48.2867
93504,18.7054,48.3225
93505,18.752,48.3311
93506,18.7889,48.3185
93521,18.5315,48.2893
93522,18.5255,48.3174
93523,18.5621,48.2925
93524,18.6006,48.2896
93525,18.6433,48.2805
93526,18.5367,48.2447
93527,18.606,48.2544
93529,18.5697,48.2401
93531,18.5845,48.1627
93532,18.5103,48.2104
93533,18.517,48.2474
93534,18.45,48.2101
93535,18.3606,48.1774
93536,18.4112,48.1651
93537,18.4504,48.1554
93538,18.4606,48.1836
93539,18.4635,48.1744
93541,18.5379,48.0986
93551,18.519,48.1376
93552,18.6353,48.1041
93555,18.7036,48.1348
93556,18.6643,48.1639
93557,18.6294,48.1259
93561,18.6578,48.0057
93562,18.6563,47.9736
93563,18.6515,47.9536
93564,18.5408,47.9814
93565,18.5114,47.9627
93566,18.5112,48.0058
93567,18.5268,48.0529
93568,18.4689,48.0393
93569,18.4658,48.0709
93571,18.7069,48.0031
93574,18.7746,47.9935
93575,18.7774,48.0421
93577,18.8678,48.0557
93581,18.9486,48.1256
93582,18.9785,48.159
93584,18.9005,48.1463
93585,18.8527,48.1106
93586,18.8044,48.2082
93587,18.7672,48.157
93601,18.9495,48.0741
93701,18.7005,48.089
93717,18.6542,48.0508
94001,18.1619,47.9854
94002,18.1619,47.9854
94003,18.1619,47.9854
94016,18.1619,47.9854
94030,18.1619,47.9854
94034,18.1619,47.9854
94035,18.1619,47.9854
94036,18.1619,47.9854
94037,18.1619,47.9854
94042,18.1619,47.9854
94044,18.1619,47.9854
94045,18.1619,47.9854
94085,18.1619,47.9854
94089,18.1619,47.9854
94091,18.1619,47.9854
94092,18.1619,47.9854
94101,18.1881,48.0466
94102,18.1797,48.1165
94103,18.237,48.1059
94104,18.2333,48.1333
94105,18.2261,48.1522
94106,18.1703,48.157
94107,18.1573,48.1825
94108,18.0992,48.1302
94110,18.0145,48.1288
94111,18.072,48.0437
94121,18.0203,47.9487
94122,17.9949,47.9836
94123,18.1051,47.9934
94131,18.308,48.0232
94132,18.3733,48.0352
94133,18.4124,48.0174
94134,18.3971,47.989
94135,18.4119,47.9581
94136,18.4001,47.9302
94137,18.4165,47.9042
94141,18.2642,48.0453
94142,18.3385,48.0623
94143,18.253,48.0821
94144,18.2633,48.0991
94145,18.2836,48.1523
94146,18.3391,48.1397
94147,18.3037,48.0942
94148,18.3545,48.1041
94149,18.422,48.1087
94150,18.4224,48.0656
94151,18.3869,48.115
94162,18.2798,48.1675
94201,18.1845,48.0861
94218,18.1845,48.0861
94301,18.7175,47.7949
94304,18.6471,47.778
94342,18.4627,47.8695
94352,18.5993,47.793
94353,18.5988,47.8323
94354,18.4997,47.9105
94355,18.5797,47.9232
94356,18.6416,47.9224
94357,18.6431,47.8884
94358,18.6564,47.8512
94359,18.6736,47.901
94360,18.6965,47.8136
94361,18.7501,47.9255
94365,18.728,47.8311
94501,18.052,47.8514
94504,18.1226,47.7636
94505,18.1226,47.7636
94511,18.0991,47.7928
94512,18.0991,47.7928
94523,18.0991,47.7928
94525,18.0991,47.7928
94528,18.0991,47.7928
94529,18.0991,47.7928
94530,18.0991,47.7928
94533,18.0991,47.7928
94535,18.0991,47.7928
94540,18.0991,47.7928
94545,18.0991,47.7928
94547,18.0991,47.7928
94550,18.0991,47.7928
94552,18.0991,47.7928
94553,18.0991,47.7928
94559,18.0991,47.7928
94560,18.0991,47.7928
94567,18.0991,47.7928
94571,18.0991,47.7928
94574,18.0991,47.7928
94575,18.0991,47.7928
94576,18.0991,47.7928
94578,18.0991,47.7928
94579,18.0991,47.7928
94584,18.0991,47.7928
94601,18.0386,47.8189
94602,17.9877,47.8171
94603,17.9847,47.9229
94612,17.9667,47.7667
94613,17.9209,47.8038
94614,17.8542,47.8415
94615,17.8375,47.8044
94616,17.8146,47.8275
94617,17.8228,47.8634
94619,17.7731,47.7712
94621,17.8832,47.7624
94631,18.2269,47.8071
94632,18.2826,47.7879
94633,18.352,47.8236
94634,18.4202,47.8294
94635,18.4466,47.8076
94636,18.4832,47.7633
94637,18.4079,47.761
94638,18.3212,47.7526
94639,18.2896,47.7389
94651,18.1268,47.9282
94652,18.1417,47.904
94654,18.2074,47.9262
94655,18.315,47.8998
94656,18.2728,47.8692
94657,18.2541,47.8415
94701,18.1923,47.8698
94703,18.1923,47.8698
94712,18.1697,47.8649
94901,18.029,48.3491
94903,18.0822,48.3209
94905,18.0845,48.3076
94907,18.0845,48.3076
94909,18.0822,48.3209
94910,18.0845,48.3076
94911,18.0845,48.3076
94912,18.0845,48.3076
94921,18.0826,48.3187
94928,18.0826,48.3187
94931,18.0826,48.3187
94935,18.0826,48.3187
94936,18.0826,48.3187
94939,18.0826,48.3187
94944,18.0826,48.3187
94948,18.0826,48.3187
94955,18.0826,48.3187
94958,18.0826,48.3187
94960,18.0826,48.3187
94961,18.0826,48.3187
94963,18.0826,48.3187
94965,18.0826,48.3187
94966,18.0826,48.3187
94968,18.0826,48.3187
94973,18.0826,48.3187
94974,18.0826,48.3187
94976,18.0826,48.3187
94978,18.0826,48.3187
94979,18.0826,48.3187
94985,18.0826,48.3187
94989,18.0826,48.3187
94999,18.0826,48.3187
95001,18.2007,48.4926
95003,18.2007,48.4926
95006,18.2007,48.4926
95007,18.2007,48.4926
95008,18.2007,48.4926
95012,18.2007,48.4926
95015,18.2007,48.4926
95016,18.2007,48.4926
95022,18.2007,48.4926
95028,18.2007,48.4926
95030,18.2007,48.4926
95043,18.2007,48.4926
95047,18.2007,48.4926
95048,18.2007,48.4926
95050,18.2007,48.4926
95053,18.2007,48.4926
95061,18.2007,48.4926
95101,18.1283,48.3328
95102,18.2105,48.3132
95103,18.1791,48.331
95104,18.181,48.291
95105,18.2282,48.2334
95106,18.206,48.1884
95107,18.1596,48.2549
95108,18.1919,48.2719
95112,18.1162,48.243
95113,18.1442,48.2187
95114,18.0669,48.1651
95115,18.0658,48.2074
95116,18.0558,48.2282
95117,18.029,48.2445
95121,17.8933,48.3686
95122,17.9479,48.3664
95123,17.9378,48.3955
95124,17.9883,48.4085
95125,18.0255,48.4464
95126,18.0231,48.4219
95131,17.9308,48.2277
95132,17.9131,48.2453
95133,17.8678,48.2548
95134,17.8666,48.3099
95135,17.9387,48.3084
95136,17.9895,48.3116
95137,17.8715,48.3297
95141,18.029,48.3491
95142,18.0181,48.3656
95143,18.0579,48.3823
95144,18.0822,48.4115
95145,18.1342,48.4245
95146,18.1162,48.3803
95148,17.9591,48.2754
95151,18.3231,48.2903
95152,18.3601,48.3183
95153,18.2381,48.2892
95154,18.2881,48.2908
95161,18.3916,48.2324
95162,18.3776,48.2846
95171,18.3039,48.4143
95172,18.2746,48.3666
95173,18.2235,48.3784
95174,18.1751,48.3777
95175,18.2899,48.3441
95176,18.3241,48.3568
95177,18.262,48.3956
95178,18.1969,48.3606
95181,18.4515,48.3087
95182,18.4121,48.3206
95185,18.4208,48.5029
95187,18.4575,48.3399
95188,18.283,48.2123
95191,18.3582,48.4176
95192,18.3633,48.4446
95193,18.4322,48.4118
95194,18.4383,48.4529
95195,18.4563,48.4274
95196,18.4976,48.4694
95197,18.4186,48.3997
95201,18.3085,48.2437
95212,18.3085,48.2437
95214,18.3085,48.2437
95216,18.3085,48.2437
95217,18.3085,48.2437
95280,18.3085,48.2437
95281,18.3085,48.2437
95301,18.4006,48.3855
95304,18.4345,48.3738
95305,18.4717,48.3566
95311,18.4345,48.3738
95317,18.4345,48.3738
95320,18.4345,48.3738
95321,18.4345,48.3738
95322,18.4345,48.3738
95328,18.4345,48.3738
95330,18.4345,48.3738
95333,18.4345,48.3738
95336,18.4345,48.3738
95338,18.4345,48.3738
95339,18.4345,48.3738
95340,18.4345,48.3738
95342,18.4345,48.3738
95501,18.0549,48.6305
95503,18.1671,48.5636
95513,18.1239,48.5922
95514,18.1239,48.5922
95515,18.1239,48.5922
95520,18.1239,48.5922
95521,18.1239,48.5922
95523,18.1239,48.5922
95528,18.1239,48.5922
95535,18.1239,48.5922
95537,18.1239,48.5922
95539,18.1239,48.5922
95540,18.1239,48.5922
95548,18.1239,48.5922
95555,18.1239,48.5922
95556,18.1239,48.5922
95561,18.1239,48.5922
95582,18.1239,48.5922
95586,18.1239,48.5922
95588,18.1239,48.5922
95592,18.1239,48.5922
95594,18.1239,48.5922
95601,18.0754,48.556
95602,18.0979,48.535
95603,18.037,48.5367
95604,17.9664,48.5544
95605,17.9946,48.5656
95606,17.9027,48.5112
95607,18.0153,48.5163
95608,18.0361,48.4689
95611,18.1187,48.4866
95612,18.0987,48.4515
95613,18.0932,48.4373
95614,18.1456,48.4686
95615,18.1566,48.4957
95616,18.1751,48.5178
95617,18.2026,48.538
95618,18.2486,48.5788
95619,18.2494,48.5443
95621,18.1036,48.5825
95622,18.1172,48.6729
95631,18.2047,48.5879
95632,18.2472,48.6228
95633,18.2765,48.6076
95634,18.2776,48.6477
95635,18.3139,48.6695
95636,18.2273,48.6754
95637,18.1409,48.7286
95638,18.1576,48.681
95641,18.3384,48.7488
95643,18.3529,48.8075
95652,18.2354,48.8123
95653,18.2638,48.8366
95654,18.1918,48.744
95655,18.1972,48.7021
95701,18.3122,48.7208
95703,18.2607,48.7599
95704,18.2575,48.7213
95716,18.2797,48.7335
95717,18.2797,48.7335
95801,18.3846,48.6286
95803,18.4037,48.6204
95804,18.3846,48.6286
95806,18.3846,48.6286
95807,18.4045,48.6317
95814,18.3712,48.616
95817,18.3712,48.616
95822,18.3712,48.616
95824,18.3712,48.616
95826,18.3712,48.616
95829,18.3712,48.616
95841,18.4405,48.6068
95842,18.3454,48.6083
95843,18.2962,48.5938
95844,18.3224,48.5812
95845,18.3688,48.5536
95852,18.3025,48.6242
95853,18.3815,48.6619
95854,18.3745,48.6843
96001,19.1532,48.5744
96002,19.1532,48.5744
96003,19.1532,48.5744
96006,19.1532,48.5744
96007,19.1532,48.5744
96008,19.1532,48.5744
96009,19.1532,48.5744
96012,19.1532,48.5744
96013,19.1532,48.5744
96019,19.1532,48.5744
96023,19.1532,48.5744
96024,19.1532,48.5744
96025,19.1532,48.5744
96026,19.1532,48.5744
96032,19.1532,48.5744
96036,19.1532,48.5744
96042,19.1532,48.5744
96044,19.1532,48.5744
96047,19.1532,48.5744
96053,19.1532,48.5744
96055,19.1532,48.5744
96061,19.1532,48.5744
96062,19.1532,48.5744
96064,19.1532,48.5744
96065,19.1532,48.5744
96066,19.1532,48.5744
96068,19.1532,48.5744
96069,19.1532,48.5744
96077,19.1532,48.5744
96078,19.1532,48.5744
96081,19.1532,48.5744
96082,19.1532,48.5744
96083,19.1532,48.5744
96086,19.1532,48.5744
96089,19.1532,48.5744
96093,19.1532,48.5744
96095,19.1532,48.5744
96098,19.1532,48.5744
96099,19.1532,48.5744
96102,18.9699,48.4698
96103,18.9699,48.4698
96107,18.9699,48.4698
96108,18.9699,48.4698
96109,18.9699,48.4698
96115,18.9699,48.4698
96116,18.9699,48.4698
96117,18.9699,48.4698
96120,18.9699,48.4698
96121,18.9699,48.4698
96133,18.9699,48.4698
96140,18.9699,48.4698
96150,18.9699,48.4698
96201,19.2599,48.5635
96202,19.3029,48.5632
96204,19.4483,48.5282
96205,19.5257,48.5779
96211,19.3821,48.5589
96212,19.3821,48.5589
96221,19.1925,48.5729
96223,19.2884,48.6004
96224,19.3687,48.5868
96225,19.339,48.5021
96231,19.1372,48.6167
96233,19.0694,48.5738
96234,19.0346,48.6054
96237,19.1025,48.6015
96241,19.1239,48.3528
96243,19.1512,48.3448
96244,19.1403,48.2967
96251,19.0626,48.2303
96252,19.1567,48.2547
96255,18.9707,48.2024
96261,19.1545,48.5092
96262,19.1328,48.4141
96263,19.1556,48.4263
96265,19.0265,48.3084
96266,18.9524,48.2754
96268,18.9203,48.2041
96270,18.8491,48.1856
96271,18.8878,48.1713
96275,19.3659,48.4089
96301,18.9839,48.3905
96311,19.0647,48.3554
96316,19.0647,48.3554
96321,19.0647,48.3554
96346,19.0647,48.3554
96380,19.0647,48.3554
96388,19.0647,48.3554
96501,18.8745,48.5752
96519,18.8695,48.5986
96535,18.8695,48.5986
96537,18.8695,48.5986
96554,18.8695,48.5986
96563,18.8695,48.5986
96601,18.8079,48.5431
96602,18.7416,48.5295
96603,18.8465,48.5156
96604,18.7078,48.6093
96611,18.9543,48.5898
96615,18.9974,48.5119
96621,18.8158,48.5717
96622,18.8449,48.6138
96623,18.7881,48.6174
96624,18.8094,48.6516
96641,18.5607,48.4608
96642,18.5673,48.4964
96651,18.6857,48.4269
96652,18.5945,48.3882
96653,18.5559,48.3422
96654,18.5301,48.3561
96661,18.77,48.4513
96671,18.6666,48.498
96674,18.5652,48.5407
96677,18.6434,48.583
96678,18.6661,48.534
96681,18.5918,48.522
96701,18.9406,48.7261
96801,18.6516,48.407
96814,18.6404,48.423
96901,18.8328,48.366
96924,18.8872,48.4252
96950,18.8872,48.4252
96955,18.8872,48.4252
96958,18.8872,48.4252
96972,18.9401,48.4192
96973,18.9247,48.3582
96981,18.8555,48.4394
96982,18.9191,48.4986
97101,18.64,48.7138
97104,18.6664,48.7665
97106,18.6664,48.7665
97112,18.6664,48.7665
97113,18.6664,48.7665
97119,18.6664,48.7665
97126,18.6664,48.7665
97127,18.6664,48.7665
97131,18.6664,48.7665
97134,18.6664,48.7665
97136,18.6664,48.7665
97144,18.6664,48.7665
97148,18.6664,48.7665
97151,18.6664,48.7665
97153,18.6664,48.7665
97155,18.6664,48.7665
97157,18.6664,48.7665
97158,18.6664,48.7665
97166,18.6664,48.7665
97168,18.6664,48.7665
97172,18.6664,48.7665
97173,18.6664,48.7665
97174,18.6664,48.7665
97180,18.6664,48.7665
97201,18.5369,48.8019
97202,18.5717,48.7645
97205,18.6226,48.7295
97211,18.6195,48.8208
97212,18.6465,48.8188
97213,18.6142,48.8543
97214,18.6157,48.8949
97215,18.65,48.9
97216,18.649,48.8561
97217,18.5854,48.8164
97221,18.4684,48.7335
97222,18.4509,48.705
97223,18.3971,48.7034
97224,18.4965,48.7479
97225,18.4918,48.7669
97226,18.491,48.8079
97227,18.4788,48.8252
97228,18.3952,48.888
97229,18.4968,48.8862
97231,18.7591,48.7694
97232,18.711,48.7801
97241,18.5861,48.7414
97242,18.5994,48.6914
97243,18.5268,48.6876
97244,18.5496,48.6727
97245,18.5153,48.6597
97246,18.4874,48.6448
97247,18.4703,48.6314
97248,18.4898,48.6075
97251,18.7601,48.7276
97271,18.5339,48.7111
97401,19.2144,48.6989
97404,19.1535,48.7395
97405,19.0897,48.7103
97406,19.1589,48.7288
97408,19.1589,48.7288
97409,19.1535,48.7395
97411,19.1535,48.7395
97423,19.1585,48.7296
97433,19.1585,48.7296
97464,19.1585,48.7296
97472,19.1585,48.7296
97473,19.1585,48.7296
97484,19.1585,48.7296
97486,19.1585,48.7296
97489,19.1585,48.7296
97496,19.1585,48.7296
97498,19.1585,48.7296
97499,19.1585,48.7296
97520,19.0991,48.7634
97525,19.0991,48.7634
97526,19.0991,48.7634
97528,19.0991,48.7634
97558,19.0991,48.7634
97562,19.0991,48.7634
97563,19.0991,48.7634
97565,19.0991,48.7634
97566,19.0991,48.7634
97568,19.0991,48.7634
97575,19.0991,48.7634
97577,19.0991,48.7634
97588,19.0991,48.7634
97589,19.0991,48.7634
97590,19.0991,48.7634
97599,19.0991,48.7634
97602,19.0845,48.8494
97603,19.0519,48.8097
97611,19.2354,48.7831
97613,19.2905,48.8084
97631,19.1568,48.6525
97632,19.1232,48.6638
97633,19.2927,48.7124
97634,19.0703,48.7457
97637,19.3128,48.6557
97639,19.2224,48.8801
97644,19.6327,48.8533
97645,19.5247,48.7561
97646,19.571,48.8076
97652,19.6513,48.7472
97653,19.6554,48.6493
97655,19.361,48.7453
97656,19.7932,48.7572
97657,19.7809,48.7679
97661,19.3156,48.8105
97662,19.3822,48.7924
97663,19.4609,48.8169
97664,19.8058,48.8591
97666,19.8525,48.8523
97667,19.9115,48.8505
97668,19.9692,48.861
97669,20.0684,48.8346
97671,20.1297,48.8401
97673,20.1885,48.8516
97675,19.4597,48.8388
97681,19.55,48.8333
97696,19.3537,48.7943
97697,19.4148,48.8125
97698,19.5052,48.8335
97701,19.689,48.8892
97703,19.6363,48.8043
97709,19.6418,48.8478
97711,19.6418,48.8478
97715,19.6418,48.8478
97723,19.6418,48.8478
97738,19.6418,48.8478
97742,19.6418,48.8478
97743,19.6418,48.8478
97749,19.6418,48.8478
97765,19.6418,48.8478
97901,19.9315,48.4131
97903,20.0218,48.3981
97911,20.0218,48.3981
97912,20.0218,48.3981
97913,20.0218,48.3981
97914,20.0218,48.3981
97921,20.0218,48.3981
97927,20.0218,48.3981
97980,20.0218,48.3981
98001,20.0823,48.3262
98002,20.0864,48.29
98003,20.1125,48.2737
98004,20.0369,48.2477
98011,19.8916,48.3782
98012,19.8715,48.4064
98013,19.8565,48.4307
98021,20.153,48.393
98022,20.1165,48.4453
98023,20.1273,48.5202
98025,20.0491,48.5128
98026,20.0049,48.5122
98031,19.85,48.6167
98032,19.9038,48.2998
98033,19.9578,48.2184
98034,19.9443,48.1709
98035,20.0017,48.192
98041,20.1541,48.293
98042,20.2144,48.2802
98043,20.2804,48.3137
98044,20.3365,48.3187
98045,20.3249,48.3583
98046,20.3409,48.4884
98050,20.2871,48.3683
98051,19.9513,48.4654
98052,19.9642,48.4642
98053,19.9353,48.501
98054,19.9573,48.5381
98055,19.8907,48.5956
98061,19.9436,48.6774
98101,19.954,48.5726
98201,20.273,48.4385
98240,20.3257,48.4192
98251,20.2796,48.4031
98252,20.2247,48.4326
98262,20.2017,48.5041
98265,20.0999,48.5624
98266,20.051,48.6282
98267,20.0522,48.5813
98401,19.7628,48.3595
98403,19.6671,48.3325
98404,19.7103,48.3327
98412,19.7103,48.3327
98414,19.7103,48.3327
98416,19.7103,48.3327
98417,19.7103,48.3327
98421,19.7103,48.3327
98428,19.7103,48.3327
98432,19.7103,48.3327
98433,19.7103,48.3327
98434,19.7103,48.3327
98436,19.7103,48.3327
98437,19.7103,48.3327
98438,19.7103,48.3327
98439,19.7103,48.3327
98442,19.7103,48.3327
98445,19.7103,48.3327
98446,19.7103,48.3327
98453,19.7103,48.3327
98460,19.7103,48.3327
98480,19.7103,48.3327
98501,19.707,48.3924
98502,19.7358,48.4223
98503,19.8191,48.5185
98505,19.8435,48.5689
98506,19.8041,48.605
98507,19.7355,48.5623
98511,19.5717,48.3669
98512,19.4785,48.4567
98513,19.4523,48.3713
98522,19.6527,48.4474
98524,19.6843,48.47
98525,19.749,48.4718
98526,19.6818,48.498
98531,19.7025,48.2442
98532,19.6189,48.2649
98541,19.7913,48.3009
98542,19.882,48.3425
98545,19.6356,48.5797
98551,19.459,48.5106
98552,19.5353,48.4499
98553,19.5525,48.4677
98554,19.5986,48.4042
98556,19.5791,48.385
98557,19.7517,48.3081
98558,19.8146,48.2132
98559,19.6543,48.3591
98601,19.8247,48.2676
98611,19.8247,48.2676
98615,19.8247,48.2676
98701,19.7941,48.4309
98782,19.7941,48.4309
99001,19.3978,48.1969
99011,19.3504,48.2106
99012,19.3504,48.2106
99013,19.3504,48.2106
99014,19.3504,48.2106
99016,19.3504,48.2106
99080,19.3504,48.2106
99101,19.4104,48.359
99102,19.4297,48.2797
99103,19.3937,48.2485
99105,19.3322,48.1699
99106,19.3559,48.1236
99107,19.2896,48.0922
99108,19.2503,48.0903
99109,19.2006,48.0692
99110,19.0796,48.0951
99111,19.1744,48.0769
99121,19.4879,48.2912
99122,19.5256,48.1922
99123,19.4558,48.1997
99124,19.2919,48.2263
99125,19.2011,48.1817
99126,19.2714,48.1344
99127,19.1779,48.1384
99128,19.1186,48.1173
99131,19.4087,48.0905
99135,19.2499,48.3225
99141,19.1433,48.1832
99142,19.091,48.1539
99201,19.3349,48.2413
99210,19.3349,48.2413
99214,19.3349,48.2413
